match_id,bowler,wickets
616,A Zampa,6
83,Sohail Tanvir,6
98,A Mishra,5
265,I Sharma,5
13,AJ Tye,5
287,MM Patel,5
449,JP Faulkner,5
238,SL Malinga,5
119,A Kumble,5
313,RA Jadeja,5
438,JD Unadkat,5
91,L Balaji,5
43,JD Unadkat,5
321,AD Mascarenhas,5
325,SP Narine,5
19,B Kumar,5
416,JP Faulkner,5
257,Harbhajan Singh,5
532,Sandeep Sharma,4
112,Umar Gul,4
103,M Ntini,4
527,GB Hogg,4
478,RA Jadeja,4
107,JA Morkel,4
109,VY Mahesh,4
626,YS Chahal,4
90,CRD Fernando,4
627,DR Smith,4
471,PV Tambe,4
113,Sohail Tanvir,4
11,UT Yadav,4
619,MP Stoinis,4
620,CJ Jordan,4
250,Yuvraj Singh,4
466,L Balaji,4
470,MM Sharma,4
538,A Nehra,4
458,SP Narine,4
121,RP Singh,4
458,SL Malinga,4
287,BA Bhatt,4
290,RP Singh,4
534,D Wiese,4
467,RA Jadeja,4
12,S Badree,4
286,MR Marsh,4
541,SL Malinga,4
126,Kamran Khan,4
127,YA Abdulla,4
452,Z Khan,4
58,KV Sharma,4
531,JP Duminy,4
249,PC Valthaty,4
280,S Aravind,4
76,GD McGrath,4
523,Imran Tahir,4
517,Karanveer Singh,4
492,Yuvraj Singh,4
95,Shoaib Akhtar,4
487,B Kumar,4
294,BJ Hodge,4
296,PP Chawla,4
300,A Mishra,4
440,DJG Sammy,4
548,NM Coulter-Nile,4
545,PP Chawla,4
441,SP Narine,4
137,L Balaji,4
457,DJ Bravo,4
311,KK Cooper,4
310,AB Dinda,4
232,DE Bollinger,4
557,S Aravind,4
144,SB Jakati,4
141,SB Jakati,4
139,YA Abdulla,4
158,R Bhatia,4
557,MA Starc,4
233,A Kumble,4
563,RA Jadeja,4
170,Harbhajan Singh,4
570,CH Morris,4
402,A Mishra,4
560,SP Narine,4
174,A Kumble,4
43,S Kaul,4
385,UT Yadav,4
178,AD Mathews,4
608,AD Russell,4
148,A Singh,4
147,RG Sharma,4
52,Mohammed Siraj,4
374,M Morkel,4
382,SP Narine,4
604,AR Patel,4
316,MM Patel,4
365,A Chandila,4
370,SP Narine,4
190,M Muralitharan,4
35,Sandeep Sharma,4
579,DJ Bravo,4
319,MM Patel,4
319,KA Pollard,4
317,L Balaji,4
21,CH Morris,4
192,R Vinay Kumar,4
34,JP Faulkner,4
190,J Theron,4
583,A Mishra,4
201,SL Malinga,4
354,RJ Harris,4
349,P Negi,4
210,SK Warne,4
346,SL Malinga,4
338,KP Appanna,4
585,MJ McClenaghan,4
326,SK Trivedi,4
591,B Kumar,4
333,P Awana,4
633,SR Watson,4
633,DS Kulkarni,4
506,SP Narine,4
511,KV Sharma,4
629,R Ashwin,4
88,DW Steyn,3
86,A Nehra,3
90,DR Smith,3
75,ST Jayasuriya,3
74,Z Khan,3
520,JP Faulkner,3
10,JJ Bumrah,3
254,MM Patel,3
272,PP Ojha,3
272,JA Morkel,3
255,YK Pathan,3
255,Shakib Al Hasan,3
271,R Sharma,3
264,DE Bollinger,3
509,AR Patel,3
520,Anureet Singh,3
216,RJ Harris,3
323,S Nadeem,3
323,M Morkel,3
597,JJ Bumrah,3
24,MJ McClenaghan,3
592,NLTC Perera,3
592,KW Richardson,3
269,M Morkel,3
256,SW Tait,3
267,J Botha,3
7,KH Pandya,3
7,AS Rajpoot,3
260,SL Malinga,3
261,SK Trivedi,3
2,Imran Tahir,3
5,CH Morris,3
335,M Morkel,3
335,AC Thomas,3
332,MN Samuels,3
590,JJ Bumrah,3
590,Iqbal Abdulla,3
588,TG Southee,3
588,BB Sran,3
27,NM Coulter-Nile,3
27,CR Woakes,3
27,C de Grandhomme,3
215,PP Chawla,3
215,IK Pathan,3
328,A Mishra,3
325,PP Chawla,3
218,IK Pathan,3
217,R Vinay Kumar,3
30,AJ Tye,3
350,Azhar Mahmood,3
203,S Narwal,3
203,A Mishra,3
343,JA Morkel,3
343,Azhar Mahmood,3
342,RJ Peterson,3
340,P Awana,3
209,A Mishra,3
207,PP Ojha,3
27,YS Chahal,3
586,MM Sharma,3
586,M Ashwin,3
210,SK Trivedi,3
210,RP Singh,3
209,PJ Sangwan,3
20,YS Chahal,3
598,AB Dinda,3
597,MM Sharma,3
195,SW Tait,3
355,SL Malinga,3
355,RP Singh,3
353,M de Lange,3
199,Z Khan,3
199,SL Malinga,3
199,RP Singh,3
199,Harbhajan Singh,3
201,Z Khan,3
201,RS Bopara,3
584,UT Yadav,3
32,A Nehra,3
31,NM Coulter-Nile,3
364,BW Hilfenhaus,3
362,R Vinay Kumar,3
193,SW Tait,3
34,Basil Thampi,3
33,Imran Tahir,3
32,S Kaul,3
578,GB Hogg,3
358,SW Tait,3
322,Shakib Al Hasan,3
220,DW Steyn,3
219,SR Watson,3
320,M Muralitharan,3
320,DE Bollinger,3
222,R Ashwin,3
599,Imran Tahir,3
599,DS Kulkarni,3
376,A Ashish Reddy,3
184,P Kumar,3
184,A Kumble,3
374,UT Yadav,3
372,Z Khan,3
372,P Parameswaran,3
189,A Symonds,3
188,R Vinay Kumar,3
188,DW Steyn,3
369,UT Yadav,3
369,P Awana,3
578,AD Russell,3
34,KH Pandya,3
576,MJ McClenaghan,3
192,M Muralitharan,3
365,A Nehra,3
602,UT Yadav,3
602,CR Brathwaite,3
384,A Mishra,3
383,R Vinay Kumar,3
383,JJ Bumrah,3
380,R Ashwin,3
182,JM Kemp,3
379,DS Kulkarni,3
377,DS Kulkarni,3
376,R Vinay Kumar,3
575,A Nehra,3
573,SL Malinga,3
573,DJ Bravo,3
38,JD Unadkat,3
38,Imran Tahir,3
376,DW Steyn,3
37,MJ McClenaghan,3
42,AR Patel,3
40,CR Woakes,3
572,MJ McClenaghan,3
384,DW Steyn,3
179,WPUJC Vaas,3
224,A Nehra,3
316,SL Malinga,3
316,DW Steyn,3
315,Harmeet Singh,3
314,KK Cooper,3
227,JD Unadkat,3
226,KA Pollard,3
312,M Muralitharan,3
604,MM Sharma,3
602,Z Khan,3
395,MG Johnson,3
172,A Mishra,3
170,DP Nannes,3
570,AD Russell,3
44,Harbhajan Singh,3
43,BA Stokes,3
42,Sandeep Sharma,3
392,RP Singh,3
174,PP Ojha,3
172,RJ Harris,3
391,DJ Bravo,3
389,SK Trivedi,3
389,KK Cooper,3
388,I Sharma,3
386,MM Patel,3
385,KK Cooper,3
402,NLTC Perera,3
402,B Kumar,3
164,RP Singh,3
400,SP Narine,3
400,JH Kallis,3
400,Azhar Mahmood,3
165,A Mishra,3
164,Yuvraj Singh,3
397,JH Kallis,3
168,CK Langeveldt,3
167,P Kumar,3
45,UT Yadav,3
44,KV Sharma,3
564,MC Henriques,3
396,R Rampaul,3
396,CH Morris,3
604,S Kaushik,3
306,DL Vettori,3
412,Sandeep Sharma,3
155,YK Pathan,3
410,JP Faulkner,3
407,RP Singh,3
407,R Vinay Kumar,3
158,PJ Sangwan,3
406,RA Jadeja,3
161,B Lee,3
160,SK Warne,3
404,MM Sharma,3
563,MM Sharma,3
563,CH Morris,3
47,S Kaul,3
403,JP Faulkner,3
417,DS Kulkarni,3
155,RG Sharma,3
154,A Mishra,3
415,Azhar Mahmood,3
414,A Mishra,3
413,SP Narine,3
558,B Kumar,3
602,AD Russell,3
312,DAJ Bracewell,3
309,M Morkel,3
231,KA Pollard,3
307,R Ashwin,3
18,NM Coulter-Nile,3
17,SN Thakur,3
17,BA Stokes,3
605,JJ Bumrah,3
431,WD Parnell,3
430,RA Jadeja,3
430,PP Ojha,3
430,MG Johnson,3
429,P Awana,3
554,MA Starc,3
554,A Nehra,3
52,Rashid Khan,3
426,R Vinay Kumar,3
150,R Bhatia,3
148,RA Jadeja,3
425,DJ Bravo,3
422,MM Sharma,3
421,Harbhajan Singh,3
420,SR Watson,3
419,AB Dinda,3
139,Yuvraj Singh,3
138,Z Khan,3
437,L Balaji,3
141,DP Nannes,3
141,A Nehra,3
551,DJ Bravo,3
55,P Negi,3
55,HV Patel,3
54,SN Thakur,3
437,B Kumar,3
436,KK Cooper,3
435,NLTC Perera,3
145,A Singh,3
143,D du Preez,3
434,Harbhajan Singh,3
432,RP Singh,3
56,Washington Sundar,3
56,SN Thakur,3
547,DJ Bravo,3
440,Sandeep Sharma,3
232,RJ Harris,3
305,MM Patel,3
303,R Bhatia,3
236,A Singh,3
299,SR Watson,3
296,RJ Harris,3
236,SK Trivedi,3
293,PP Chawla,3
293,IK Pathan,3
613,A Nehra,3
612,MP Stoinis,3
611,SR Watson,3
451,AD Mathews,3
132,AM Nayar,3
130,YA Abdulla,3
450,SL Malinga,3
134,BJ Hodge,3
133,A Mishra,3
132,SL Malinga,3
132,LR Shukla,3
544,TA Boult,3
60,AB Agarkar,3
59,MG Johnson,3
446,JA Morkel,3
443,Harmeet Singh,3
549,MJ McClenaghan,3
58,JJ Bumrah,3
57,NM Coulter-Nile,3
127,IK Pathan,3
125,PJ Sangwan,3
125,L Balaji,3
543,MA Starc,3
542,RA Jadeja,3
541,MJ McClenaghan,3
541,B Kumar,3
540,MA Starc,3
456,Harbhajan Singh,3
128,SL Malinga,3
128,PP Ojha,3
128,DJ Bravo,3
454,RA Jadeja,3
454,DJ Bravo,3
453,Iqbal Abdulla,3
451,AG Murtaza,3
465,JD Unadkat,3
122,M Muralitharan,3
120,DL Vettori,3
124,SB Styris,3
539,Imran Tahir,3
64,M Kartik,3
538,YS Chahal,3
15,CH Morris,3
292,DS Kulkarni,3
292,Anand Rajan,3
240,Iqbal Abdulla,3
239,SB Wagh,3
288,S Aravind,3
285,DE Bollinger,3
14,B Kumar,3
616,A Nehra,3
277,SL Malinga,3
620,YS Chahal,3
110,Sohail Tanvir,3
115,MF Maharoof,3
472,Sandeep Sharma,3
472,SP Narine,3
472,PP Chawla,3
468,VR Aaron,3
115,SR Watson,3
65,SK Warne,3
534,Harbhajan Singh,3
115,MM Patel,3
119,AD Mascarenhas,3
118,SL Malinga,3
117,YK Pathan,3
466,B Kumar,3
105,Sohail Tanvir,3
476,JP Faulkner,3
475,Sandeep Sharma,3
111,RP Singh,3
111,P Kumar,3
532,UT Yadav,3
69,Harbhajan Singh,3
68,Shahid Afridi,3
613,Mustafizur Rahman,3
245,Z Khan,3
245,MS Gony,3
245,DW Steyn,3
244,WD Parnell,3
280,RJ Harris,3
280,CH Gayle,3
251,L Balaji,3
525,TA Boult,3
74,MS Gony,3
73,VRV Singh,3
101,Sohail Tanvir,3
101,SK Warne,3
99,SM Pollock,3
482,SR Watson,3
482,PV Tambe,3
481,KV Sharma,3
102,RP Singh,3
530,A Nehra,3
528,Imran Tahir,3
71,JDP Oram,3
102,DJ Bravo,3
478,MM Sharma,3
107,A Kumble,3
519,NM Coulter-Nile,3
519,A Nehra,3
78,Umar Gul,3
77,PP Chawla,3
508,Imran Tahir,3
494,MM Sharma,3
92,AB Dinda,3
491,PP Chawla,3
490,R Ashwin,3
95,LR Shukla,3
94,S Sreesanth,3
488,Sandeep Sharma,3
97,PP Chawla,3
96,DS Kulkarni,3
487,SR Watson,3
487,R Bhatia,3
265,DW Steyn,3
265,R Vinay Kumar,3
266,Iqbal Abdulla,3
625,AB Dinda,3
625,A Zampa,3
10,B Kumar,3
9,Z Khan,3
9,A Mishra,3
623,JJ Bumrah,3
515,MM Sharma,3
514,UT Yadav,3
514,Karanveer Singh,3
80,R Vinay Kumar,3
82,VY Mahesh,3
82,A Nehra,3
263,M Morkel,3
631,SP Narine,3
634,B Kumar,3
632,YS Chahal,3
636,CJ Jordan,3
84,PP Chawla,3
502,Sandeep Sharma,3
502,Imran Tahir,3
502,BE Hendricks,3
261,SK Warne,3
262,JE Taylor,3
262,JA Morkel,3
634,Kuldeep Yadav,3
6,Rashid Khan,3
510,A Nehra,3
269,RE van der Merwe,3
500,UT Yadav,3
634,M Morkel,2
3,Kuldeep Yadav,2
2,R Bhatia,2
1,Rashid Khan,2
1,B Kumar,2
5,P Negi,2
5,Iqbal Abdulla,2
5,B Stanlake,2
7,SL Malinga,2
630,DS Kulkarni,2
630,P Kumar,2
630,R Vinay Kumar,2
631,B Kumar,2
266,UT Yadav,2
267,A Singh,2
267,AL Menaria,2
267,MM Patel,2
268,AC Thomas,2
268,R Sharma,2
257,DE Bollinger,2
257,SL Malinga,2
258,S Aravind,2
259,AB Agarkar,2
269,AB Agarkar,2
83,MM Patel,2
512,AR Patel,2
512,Karanveer Singh,2
512,MG Johnson,2
512,P Awana,2
513,DS Kulkarni,2
80,DW Steyn,2
80,V Kohli,2
81,IK Pathan,2
81,S Sreesanth,2
513,KK Cooper,2
514,AR Patel,2
514,M Morkel,2
514,MG Johnson,2
515,A Nehra,2
515,Harbhajan Singh,2
516,A Nehra,2
516,P Awana,2
517,MG Johnson,2
517,PP Chawla,2
518,M Morkel,2
77,IK Pathan,2
78,SK Trivedi,2
78,SR Watson,2
78,Sohail Tanvir,2
519,DJ Bravo,2
508,M de Lange,2
509,Karanveer Singh,2
509,R Dhawan,2
81,Umar Gul,2
82,DS Kulkarni,2
82,SM Pollock,2
501,Ankit Sharma,2
501,Harbhajan Singh,2
501,K Santokie,2
501,PP Ojha,2
501,S Gopal,2
502,JP Duminy,2
503,B Kumar,2
503,VR Aaron,2
505,JJ Bumrah,2
84,P Kumar,2
84,S Sreesanth,2
84,Z Khan,2
85,RP Singh,2
505,S Gopal,2
507,KV Sharma,2
508,JD Unadkat,2
498,Imran Tahir,2
498,R Bhatia,2
498,S Nadeem,2
499,DJ Hussey,2
499,R Ashwin,2
499,VR Aaron,2
89,SK Warne,2
86,DJ Bravo,2
86,DS Kulkarni,2
86,RR Raje,2
86,SR Watson,2
87,JA Morkel,2
87,L Balaji,2
87,PJ Sangwan,2
87,VY Mahesh,2
500,Shakib Al Hasan,2
495,M Muralitharan,2
520,MG Johnson,2
520,TG Southee,2
521,DJ Bravo,2
521,MM Sharma,2
522,YK Pathan,2
523,A Mishra,2
75,SM Pollock,2
76,JH Kallis,2
523,CH Morris,2
524,AR Patel,2
524,Anureet Singh,2
495,MA Starc,2
496,R Dhawan,2
497,Harbhajan Singh,2
497,M Morkel,2
94,PP Chawla,2
95,MF Maharoof,2
95,VY Mahesh,2
96,DJ Bravo,2
490,P Kumar,2
490,SL Malinga,2
491,M Morkel,2
492,KW Richardson,2
91,S Sreesanth,2
92,SC Ganguly,2
93,A Mishra,2
93,AD Mascarenhas,2
493,B Kumar,2
493,SL Malinga,2
494,Ankit Sharma,2
494,RA Jadeja,2
488,HV Patel,2
97,JR Hopes,2
98,GD McGrath,2
98,MF Maharoof,2
98,PP Ojha,2
99,DJ Bravo,2
99,DJ Thornely,2
488,L Balaji,2
488,MA Starc,2
488,Shivam Sharma,2
488,YS Chahal,2
489,A Mishra,2
489,DW Steyn,2
489,MC Henriques,2
93,SK Trivedi,2
93,SR Watson,2
486,MG Johnson,2
486,MM Sharma,2
487,DW Steyn,2
524,Harbhajan Singh,2
524,MG Johnson,2
524,SL Malinga,2
525,B Kumar,2
525,RS Bopara,2
72,RP Singh,2
72,SB Bangar,2
72,Shahid Afridi,2
73,IK Pathan,2
73,Mohammad Asif,2
74,Joginder Sharma,2
74,P Amarnath,2
525,YS Chahal,2
104,MF Maharoof,2
105,MM Patel,2
481,B Kumar,2
481,MA Starc,2
481,VR Aaron,2
482,R Vinay Kumar,2
482,SP Narine,2
484,Harbhajan Singh,2
484,JJ Bumrah,2
484,SL Malinga,2
485,WD Parnell,2
99,RR Raje,2
100,JR Hopes,2
100,RR Powar,2
101,MM Patel,2
102,CRD Fernando,2
527,AD Russell,2
69,PP Chawla,2
69,S Sreesanth,2
70,MM Patel,2
70,SR Watson,2
71,MS Gony,2
71,P Amarnath,2
528,Anureet Singh,2
528,JP Duminy,2
529,DS Kulkarni,2
529,PV Tambe,2
529,RS Bopara,2
102,Shahid Afridi,2
102,Y Venugopal Rao,2
104,A Kumble,2
104,GD McGrath,2
477,Z Khan,2
108,PP Ojha,2
109,DR Smith,2
110,JA Morkel,2
105,Umar Gul,2
106,S Sreesanth,2
106,SD Chitnis,2
106,Yuvraj Singh,2
107,DW Steyn,2
107,MS Gony,2
478,Shakib Al Hasan,2
479,Harbhajan Singh,2
479,R Dhawan,2
479,Sandeep Sharma,2
480,JP Faulkner,2
480,PV Tambe,2
473,JD Unadkat,2
473,SL Malinga,2
474,B Kumar,2
474,BW Hilfenhaus,2
474,I Sharma,2
474,MM Sharma,2
475,MG Johnson,2
475,R Dhawan,2
475,VR Aaron,2
475,YS Chahal,2
476,PV Tambe,2
476,R Vinay Kumar,2
477,B Kumar,2
477,CJ Anderson,2
477,DW Steyn,2
477,IK Pathan,2
110,SK Warne,2
530,DJ Bravo,2
530,Harbhajan Singh,2
532,AD Russell,2
532,M Morkel,2
67,M Muralitharan,2
67,MA Khote,2
68,SK Warne,2
68,YK Pathan,2
69,A Nehra,2
69,DS Kulkarni,2
69,IK Pathan,2
111,PP Ojha,2
111,Z Khan,2
112,PP Chawla,2
112,S Sreesanth,2
117,M Muralitharan,2
468,MA Starc,2
468,R Vinay Kumar,2
469,DW Steyn,2
470,BW Hilfenhaus,2
470,Harbhajan Singh,2
471,KW Richardson,2
471,MA Starc,2
472,AR Patel,2
472,MG Johnson,2
112,VRV Singh,2
113,CRD Fernando,2
113,SK Trivedi,2
114,JA Morkel,2
114,L Balaji,2
115,A Mishra,2
66,MF Maharoof,2
66,Mohammad Asif,2
66,R Bhatia,2
67,Joginder Sharma,2
535,DJ Muthuswami,2
535,M Morkel,2
535,PP Chawla,2
535,UT Yadav,2
536,AR Patel,2
536,CH Morris,2
536,MG Johnson,2
115,VY Mahesh,2
116,JA Morkel,2
116,M Ntini,2
116,MS Gony,2
117,JA Morkel,2
465,IC Pandey,2
465,R Ashwin,2
465,RA Jadeja,2
466,A Mishra,2
466,AR Patel,2
466,MG Johnson,2
467,R Bhatia,2
118,MS Gony,2
118,ST Jayasuriya,2
119,JD Ryder,2
119,MM Patel,2
119,P Kumar,2
119,SK Warne,2
115,SK Warne,2
534,YS Chahal,2
65,SK Trivedi,2
461,DW Steyn,2
461,KW Richardson,2
461,R Bhatia,2
122,P Kumar,2
123,SC Ganguly,2
124,KP Pietersen,2
124,RP Singh,2
462,MA Starc,2
462,VR Aaron,2
462,YS Chahal,2
462,Z Khan,2
463,M Morkel,2
463,NM Coulter-Nile,2
121,PP Ojha,2
121,SB Styris,2
122,L Balaji,2
537,M Morkel,2
538,Iqbal Abdulla,2
63,B Akhil,2
63,Harbhajan Singh,2
63,Z Khan,2
64,AB Agarkar,2
64,PP Ojha,2
64,WPUJC Vaas,2
539,A Mishra,2
539,AD Mathews,2
539,MJ McClenaghan,2
540,HV Patel,2
460,L Balaji,2
460,R Ashwin,2
461,A Mishra,2
461,DS Kulkarni,2
62,MF Maharoof,2
62,R Bhatia,2
541,P Kumar,2
542,A Nehra,2
542,R Ashwin,2
543,D Wiese,2
456,KK Cooper,2
457,Harbhajan Singh,2
457,JA Morkel,2
125,DL Vettori,2
126,Anureet Singh,2
126,BAW Mendis,2
126,I Sharma,2
126,SK Warne,2
457,MG Johnson,2
457,SL Malinga,2
131,PP Ojha,2
131,SK Raina,2
451,AB Dinda,2
451,S Kaul,2
453,DW Steyn,2
454,MM Sharma,2
455,DJG Sammy,2
128,FH Edwards,2
128,RP Singh,2
129,A Nehra,2
455,VS Malik,2
456,KA Pollard,2
540,YS Chahal,2
541,DW Steyn,2
60,SC Ganguly,2
61,IK Pathan,2
132,DJ Bravo,2
133,AD Mascarenhas,2
133,MM Patel,2
133,SK Warne,2
134,A Kumble,2
134,I Sharma,2
449,KV Sharma,2
449,NLTC Perera,2
450,Azhar Mahmood,2
450,PP Chawla,2
450,Sandeep Sharma,2
129,Pankaj Singh,2
130,IK Pathan,2
130,Kamran Khan,2
130,MM Patel,2
130,PP Chawla,2
448,M Kartik,2
448,MS Gony,2
449,A Mishra,2
543,VR Aaron,2
58,MG Johnson,2
58,PP Chawla,2
59,A Zampa,2
59,DT Christian,2
59,JD Unadkat,2
59,JJ Bumrah,2
60,AB Dinda,2
544,AR Patel,2
544,B Kumar,2
544,MG Johnson,2
545,Imran Tahir,2
449,DW Steyn,2
137,YK Pathan,2
444,KV Sharma,2
444,SL Malinga,2
445,WD Parnell,2
446,DJ Bravo,2
446,MM Sharma,2
446,R Ashwin,2
446,UT Yadav,2
135,IK Pathan,2
135,SL Malinga,2
135,YA Abdulla,2
136,A Nehra,2
447,DS Kulkarni,2
447,JP Faulkner,2
447,MG Johnson,2
447,SR Watson,2
547,AD Russell,2
547,PP Chawla,2
547,R Ashwin,2
55,TM Head,2
57,UT Yadav,2
548,Z Khan,2
549,DS Kulkarni,2
441,R Vinay Kumar,2
442,JO Holder,2
442,KK Cooper,2
443,P Kumar,2
136,DP Nannes,2
136,Shoaib Ahmed,2
137,JA Morkel,2
137,JDP Oram,2
137,MM Patel,2
142,PP Chawla,2
437,MR Marsh,2
437,SP Narine,2
439,AB Dinda,2
439,AN Ahmed,2
139,A Kumble,2
139,IK Pathan,2
139,P Kumar,2
139,RE van der Merwe,2
140,RP Singh,2
439,MG Johnson,2
439,SL Malinga,2
440,DW Steyn,2
441,JH Kallis,2
441,L Balaji,2
546,TG Southee,2
54,A Zampa,2
54,DT Christian,2
54,JD Unadkat,2
55,PJ Cummins,2
551,B Kumar,2
551,MC Henriques,2
552,SL Malinga,2
553,DS Kulkarni,2
553,JP Faulkner,2
437,Iqbal Abdulla,2
437,JH Kallis,2
140,SM Harwood,2
140,Y Venugopal Rao,2
141,R Bhatia,2
141,S Tyagi,2
142,I Sharma,2
429,Azhar Mahmood,2
145,SK Warne,2
146,PJ Sangwan,2
147,RP Singh,2
147,TL Suman,2
430,SL Malinga,2
434,MG Johnson,2
434,PP Ojha,2
434,R McLaren,2
144,JA Morkel,2
144,M Muralitharan,2
145,PP Chawla,2
435,MM Sharma,2
53,R Vinay Kumar,2
53,TA Boult,2
53,TG Southee,2
51,BA Stokes,2
51,JD Unadkat,2
51,Mohammed Shami,2
51,Z Khan,2
52,B Kumar,2
52,P Kumar,2
53,HH Pandya,2
553,STR Binny,2
554,D Wiese,2
554,DJ Bravo,2
554,HV Patel,2
554,IC Pandey,2
428,DJG Sammy,2
428,DW Steyn,2
428,J Botha,2
428,NLTC Perera,2
151,Shoaib Ahmed,2
152,M Muralitharan,2
152,SB Jakati,2
421,DS Kulkarni,2
421,MG Johnson,2
421,PP Ojha,2
423,A Mishra,2
423,I Sharma,2
424,UT Yadav,2
425,MM Sharma,2
150,A Nehra,2
150,DP Nannes,2
425,P Awana,2
426,AB Dinda,2
426,M Kartik,2
427,SMSM Senanayake,2
413,SL Malinga,2
414,DJ Bravo,2
414,MM Sharma,2
153,Harbhajan Singh,2
154,A Nehra,2
154,DP Nannes,2
154,I Sharma,2
155,RA Jadeja,2
415,JH Kallis,2
416,A Chandila,2
417,DR Smith,2
417,Harbhajan Singh,2
419,IK Pathan,2
419,UT Yadav,2
420,R Rampaul,2
151,RG Sharma,2
412,PP Chawla,2
413,MG Johnson,2
555,B Kumar,2
555,GB Hogg,2
555,KV Sharma,2
555,UT Yadav,2
556,Harbhajan Singh,2
556,NM Coulter-Nile,2
556,SL Malinga,2
557,Sandeep Sharma,2
49,JP Faulkner,2
50,MM Sharma,2
558,SR Watson,2
559,R Ashwin,2
560,Anureet Singh,2
413,PP Ojha,2
159,R Vinay Kumar,2
407,R Rampaul,2
407,SR Watson,2
408,UT Yadav,2
409,Azhar Mahmood,2
410,DJ Bravo,2
410,R Ashwin,2
411,AB Dinda,2
411,CH Gayle,2
411,JD Unadkat,2
411,R Rampaul,2
412,A Nehra,2
155,WPUJC Vaas,2
156,M Kartik,2
156,R Vinay Kumar,2
157,JP Duminy,2
160,MM Patel,2
160,SK Trivedi,2
160,ST Jayasuriya,2
161,IK Pathan,2
161,MF Maharoof,2
161,S Sreesanth,2
405,I Sharma,2
405,KV Sharma,2
405,MS Gony,2
406,R Ashwin,2
158,PP Ojha,2
158,WPUJC Vaas,2
159,A Kumble,2
159,JA Morkel,2
159,JDP Oram,2
159,JH Kallis,2
402,R Sharma,2
403,A Chandila,2
560,Gurkeerat Singh,2
561,KV Sharma,2
561,NM Coulter-Nile,2
562,HV Patel,2
47,B Kumar,2
48,CR Woakes,2
48,Kuldeep Yadav,2
48,MM Sharma,2
48,R Tewatia,2
562,YS Chahal,2
563,DJ Bravo,2
403,STR Binny,2
404,R Ashwin,2
405,A Mishra,2
399,CH Morris,2
165,AM Salvi,2
165,MF Maharoof,2
165,MM Patel,2
167,A Kumble,2
399,DJ Bravo,2
399,MR Marsh,2
400,P Awana,2
400,P Kumar,2
400,SMSM Senanayake,2
401,JD Unadkat,2
163,RJ Harris,2
164,IK Pathan,2
164,RR Powar,2
401,R Rampaul,2
401,UT Yadav,2
168,AB Agarkar,2
168,J Botha,2
168,MM Patel,2
169,IK Pathan,2
169,M Muralitharan,2
169,R Ashwin,2
169,S Sreesanth,2
169,SK Raina,2
397,R Bhatia,2
398,JP Faulkner,2
398,KK Cooper,2
398,P Kumar,2
398,S Sreesanth,2
398,SK Trivedi,2
399,AB Dinda,2
399,B Kumar,2
171,PP Ojha,2
396,J Syed Mohammad,2
564,BE Hendricks,2
564,Bipul Sharma,2
565,IC Pandey,2
44,SL Malinga,2
45,P Negi,2
45,SP Narine,2
46,Sandeep Sharma,2
565,JA Morkel,2
565,P Negi,2
565,Z Khan,2
566,AR Patel,2
566,Anureet Singh,2
566,HV Patel,2
167,Y Nagar,2
567,Shakib Al Hasan,2
568,D Wiese,2
568,MC Henriques,2
569,P Negi,2
42,GJ Maxwell,2
42,MM Sharma,2
42,YS Chahal,2
570,DS Kulkarni,2
394,I Sharma,2
394,M Morkel,2
394,NLTC Perera,2
394,S Nadeem,2
169,T Thushara,2
170,PJ Sangwan,2
171,A Kumble,2
171,B Akhil,2
390,KA Pollard,2
390,MG Johnson,2
390,PP Ojha,2
391,CH Morris,2
391,DP Nannes,2
392,MC Henriques,2
172,RP Singh,2
173,R Vinay Kumar,2
174,A Symonds,2
174,Harmeet Singh,2
392,R Vinay Kumar,2
393,JP Faulkner,2
393,R Sharma,2
393,Yuvraj Singh,2
394,DW Steyn,2
566,YS Chahal,2
178,M Kartik,2
178,RE van der Merwe,2
386,Harbhajan Singh,2
386,PP Ojha,2
387,Azhar Mahmood,2
387,P Kumar,2
388,JD Unadkat,2
388,MC Henriques,2
389,R Shukla,2
389,SP Narine,2
174,R Vinay Kumar,2
175,CK Langeveldt,2
175,WPUJC Vaas,2
176,A Uniyal,2
176,AD Mascarenhas,2
390,A Nehra,2
571,HV Patel,2
571,YS Chahal,2
572,J Suchith,2
572,SL Malinga,2
40,JD Unadkat,2
40,Washington Sundar,2
41,K Rabada,2
41,PJ Cummins,2
42,A Choudhary,2
37,P Negi,2
38,Basil Thampi,2
386,DJ Bravo,2
176,SL Malinga,2
177,DP Nannes,2
177,MF Maharoof,2
177,S Sreesanth,2
183,DJ Bravo,2
183,Harbhajan Singh,2
183,MF Maharoof,2
380,SB Jakati,2
380,VR Aaron,2
381,BW Hilfenhaus,2
382,B Lee,2
382,R Bhatia,2
382,S Nadeem,2
384,AB Dinda,2
179,A Symonds,2
179,PP Ojha,2
180,AD Mascarenhas,2
384,NLTC Perera,2
385,A Nehra,2
570,SR Watson,2
39,Mohammed Shami,2
39,Mohammed Siraj,2
573,Harbhajan Singh,2
573,R Vinay Kumar,2
574,D Wiese,2
574,DS Kulkarni,2
574,HV Patel,2
574,S Aravind,2
574,YS Chahal,2
575,YS Chahal,2
376,Z Khan,2
378,JH Kallis,2
378,SP Narine,2
379,DJ Bravo,2
379,JA Morkel,2
182,L Balaji,2
373,A Mishra,2
373,DW Steyn,2
373,SK Trivedi,2
373,V Pratap Singh,2
374,Azhar Mahmood,2
374,RJ Harris,2
183,S Ladda,2
183,ST Jayasuriya,2
184,JH Kallis,2
185,L Balaji,2
185,M Muralitharan,2
375,Shakib Al Hasan,2
375,WD Parnell,2
375,YK Pathan,2
376,A Mishra,2
38,PJ Sangwan,2
369,VR Aaron,2
370,JH Kallis,2
370,L Balaji,2
370,RP Singh,2
189,R Sharma,2
371,Azhar Mahmood,2
371,DJ Bravo,2
371,P Awana,2
371,P Kumar,2
372,R Vinay Kumar,2
186,WPUJC Vaas,2
186,Yuvraj Singh,2
187,AB Dinda,2
187,I Sharma,2
187,SE Bond,2
187,YK Pathan,2
366,DW Steyn,2
576,DJ Bravo,2
576,Harbhajan Singh,2
576,SL Malinga,2
34,SL Malinga,2
35,AR Patel,2
35,VR Aaron,2
36,B Kumar,2
36,Mohammed Siraj,2
36,S Kaul,2
37,KH Pandya,2
577,I Sharma,2
577,MR Marsh,2
368,R Bhatia,2
368,SB Jakati,2
368,SP Narine,2
193,YK Pathan,2
194,M Muralitharan,2
360,R Vinay Kumar,2
361,BW Hilfenhaus,2
361,Pankaj Singh,2
361,SK Trivedi,2
361,VY Mahesh,2
362,M Muralitharan,2
362,Z Khan,2
365,J Botha,2
365,SR Watson,2
366,Azhar Mahmood,2
190,JA Morkel,2
191,I Sharma,2
191,Z Khan,2
366,DT Christian,2
578,JW Hastings,2
578,PP Chawla,2
33,LH Ferguson,2
34,JJ Bumrah,2
579,RA Jadeja,2
580,B Kumar,2
580,Mustafizur Rahman,2
580,SR Watson,2
580,YS Chahal,2
581,MJ McClenaghan,2
359,DJ Hussey,2
359,P Awana,2
359,P Kumar,2
360,HV Patel,2
360,M Muralitharan,2
193,SK Trivedi,2
354,SW Tait,2
355,BW Hilfenhaus,2
355,DJ Bravo,2
355,RA Jadeja,2
356,A Mishra,2
357,JH Kallis,2
357,SP Narine,2
357,UT Yadav,2
195,S Narwal,2
196,AB Agarkar,2
196,IK Pathan,2
196,SE Bond,2
196,SJ Srivastava,2
197,A Mishra,2
197,AB McDonald,2
359,A Ashish Reddy,2
351,SL Malinga,2
352,V Pratap Singh,2
353,AD Mathews,2
353,B Kumar,2
200,CK Langeveldt,2
200,UT Yadav,2
198,JA Morkel,2
198,SB Jakati,2
198,SW Tait,2
198,T Thushara,2
199,Jaskaran Singh,2
199,PP Ojha,2
200,AB McDonald,2
354,J Botha,2
354,PP Chawla,2
354,SR Watson,2
349,GB Hogg,2
350,AB McDonald,2
30,RA Jadeja,2
30,S Badree,2
31,K Rabada,2
32,B Kumar,2
32,GJ Maxwell,2
582,M Ashwin,2
582,PV Tambe,2
582,RA Jadeja,2
584,M Morkel,2
585,DS Kulkarni,2
585,JJ Bumrah,2
351,A Nehra,2
351,B Kumar,2
351,Harbhajan Singh,2
204,PP Ojha,2
206,DE Bollinger,2
206,JA Morkel,2
344,JH Kallis,2
344,R Vinay Kumar,2
345,A Singh,2
345,Pankaj Singh,2
346,DW Steyn,2
346,Harbhajan Singh,2
346,JEC Franklin,2
347,DJ Bravo,2
347,JH Kallis,2
347,R Ashwin,2
202,SB Jakati,2
203,MF Maharoof,2
204,A Symonds,2
338,HV Patel,2
206,SR Watson,2
207,Harbhajan Singh,2
207,KA Pollard,2
207,R McLaren,2
207,Z Khan,2
340,Azhar Mahmood,2
341,A Ashish Reddy,2
341,J Theron,2
342,IK Pathan,2
342,S Nadeem,2
342,SL Malinga,2
342,UT Yadav,2
343,DJ Bravo,2
343,PP Chawla,2
204,Jaskaran Singh,2
337,DW Steyn,2
337,L Balaji,2
585,PV Tambe,2
586,Sandeep Sharma,2
587,Mohammed Shami,2
587,SR Watson,2
27,TS Mills,2
28,BA Stokes,2
28,JD Unadkat,2
28,JJ Bumrah,2
28,KV Sharma,2
29,Kuldeep Yadav,2
26,AJ Tye,2
26,AR Patel,2
337,SP Narine,2
338,GB Hogg,2
211,T Thushara,2
212,AP Dole,2
212,SK Trivedi,2
213,AB Dinda,2
213,BAW Mendis,2
333,AB McDonald,2
333,Z Khan,2
334,KK Cooper,2
335,SC Ganguly,2
210,AP Dole,2
210,Harmeet Singh,2
210,RJ Harris,2
336,KA Pollard,2
336,P Awana,2
336,P Kumar,2
336,PP Ojha,2
330,PP Chawla,2
330,SP Narine,2
26,KC Cariappa,2
26,Sandeep Sharma,2
27,P Negi,2
589,AR Patel,2
589,M Morkel,2
589,P Sahu,2
589,SP Narine,2
590,KH Pandya,2
331,VR Aaron,2
332,A Nehra,2
332,DJ Bravo,2
332,KMDN Kulasekara,2
211,KA Pollard,2
211,R Ashwin,2
217,JH Kallis,2
325,BA Bhatt,2
325,R Bhatia,2
326,A Singh,2
326,Pankaj Singh,2
327,AB Agarkar,2
327,M Morkel,2
327,RP Singh,2
327,S Nadeem,2
327,UT Yadav,2
214,PP Ojha,2
214,RJ Harris,2
215,L Ablish,2
215,SL Malinga,2
329,R Vinay Kumar,2
330,B Lee,2
323,DW Steyn,2
592,SR Watson,2
593,A Mishra,2
593,MJ McClenaghan,2
23,NM Coulter-Nile,2
24,A Mishra,2
24,JJ Bumrah,2
24,PJ Cummins,2
594,MC Henriques,2
594,Mustafizur Rahman,2
596,JA Morkel,2
596,NLTC Perera,2
596,R Bhatia,2
324,R Sharma,2
216,R Ashwin,2
217,AB Dinda,2
317,M Muralitharan,2
317,R Vinay Kumar,2
317,Shakib Al Hasan,2
317,Z Khan,2
318,M Morkel,2
319,A Singh,2
319,GB Hogg,2
319,SL Malinga,2
320,JA Morkel,2
320,RA Jadeja,2
321,Harmeet Singh,2
218,PD Collingwood,2
218,PP Chawla,2
219,Z Khan,2
220,Harmeet Singh,2
220,PP Ojha,2
220,RP Singh,2
597,MJ McClenaghan,2
597,TG Southee,2
598,MR Marsh,2
21,Mohammed Siraj,2
22,MJ McClenaghan,2
23,Kuldeep Yadav,2
599,CH Morris,2
600,SP Narine,2
600,TG Southee,2
601,AB Dinda,2
221,AG Murtaza,2
221,CRD Fernando,2
221,PJ Sangwan,2
222,DE Bollinger,2
317,JH Kallis,2
227,Kamran Khan,2
313,DE Bollinger,2
313,DT Christian,2
313,DW Steyn,2
313,SB Jakati,2
314,A Singh,2
314,AA Chavan,2
314,B Lee,2
314,SK Trivedi,2
315,R Sharma,2
316,KA Pollard,2
223,Pankaj Singh,2
223,SK Trivedi,2
224,DE Bollinger,2
224,V Sehwag,2
220,RJ Harris,2
311,AA Chavan,2
311,JP Faulkner,2
601,NLTC Perera,2
603,KW Richardson,2
18,PJ Cummins,2
18,Z Khan,2
19,AR Patel,2
19,MM Sharma,2
19,Rashid Khan,2
604,DJ Bravo,2
604,P Kumar,2
312,M Morkel,2
226,CRD Fernando,2
226,Harbhajan Singh,2
226,JH Kallis,2
227,AB Dinda,2
231,DW Steyn,2
231,Harbhajan Singh,2
231,SL Malinga,2
308,KA Pollard,2
308,PP Ojha,2
308,SL Malinga,2
309,RE van der Merwe,2
309,UT Yadav,2
310,M Kartik,2
310,MM Patel,2
228,RR Powar,2
229,A Nehra,2
229,Harmeet Singh,2
229,PP Ojha,2
229,UT Yadav,2
310,SL Malinga,2
606,PP Chawla,2
606,YS Chahal,2
607,S Nadeem,2
17,AF Milne,2
17,JD Unadkat,2
17,S Aravind,2
608,PP Chawla,2
609,Imran Tahir,2
609,R Bhatia,2
306,MM Patel,2
306,S Aravind,2
307,CH Gayle,2
307,S Aravind,2
307,SB Jakati,2
230,M Kartik,2
230,SE Bond,2
235,JH Kallis,2
236,DW Steyn,2
302,DL Vettori,2
302,S Aravind,2
302,Z Khan,2
303,AN Ahmed,2
303,JEC Franklin,2
304,Z Khan,2
305,JH Kallis,2
305,Shakib Al Hasan,2
232,SB Jakati,2
233,JH Kallis,2
233,P Kumar,2
234,CRD Fernando,2
306,J Syed Mohammad,2
606,M Morkel,2
294,S Sreesanth,2
295,A Mishra,2
295,DT Christian,2
236,SK Warne,2
238,Harbhajan Singh,2
239,AC Thomas,2
295,PP Ojha,2
295,R Sharma,2
296,CK Langeveldt,2
296,SJ Srivastava,2
297,RA Jadeja,2
298,L Balaji,2
298,Shakib Al Hasan,2
298,YK Pathan,2
300,DT Christian,2
234,SB Jakati,2
292,I Sharma,2
293,AM Salvi,2
609,SM Boland,2
610,B Kumar,2
610,DJ Bravo,2
610,DS Kulkarni,2
610,Mustafizur Rahman,2
611,A Zampa,2
15,PJ Cummins,2
15,S Nadeem,2
15,VR Aaron,2
16,AJ Tye,2
16,MJ McClenaghan,2
612,CH Morris,2
293,SJ Srivastava,2
294,P Parameswaran,2
242,SL Malinga,2
243,P Kumar,2
244,BJ Hodge,2
285,SK Raina,2
286,DT Christian,2
286,Yuvraj Singh,2
287,P Kumar,2
287,SL Malinga,2
289,DJ Bravo,2
289,R Ashwin,2
290,Bipul Sharma,2
240,A Mishra,2
240,JD Unadkat,2
240,R Bhatia,2
291,CK Langeveldt,2
291,JH Kallis,2
284,SJ Srivastava,2
284,WD Parnell,2
613,BB Sran,2
613,Harbhajan Singh,2
614,P Kumar,2
615,KC Cariappa,2
615,SR Watson,2
615,Sandeep Sharma,2
14,CR Woakes,2
617,VR Aaron,2
618,A Mishra,2
618,MC Henriques,2
285,R Ashwin,2
241,SK Warne,2
241,SW Tait,2
242,KA Pollard,2
248,S Randiv,2
249,A Mishra,2
249,R McLaren,2
250,AB Dinda,2
281,R Ashwin,2
282,Harbhajan Singh,2
282,KA Pollard,2
282,MM Patel,2
282,SL Malinga,2
283,DL Vettori,2
246,Shakib Al Hasan,2
246,YK Pathan,2
283,S Aravind,2
284,B Kumar,2
284,MR Marsh,2
284,R Sharma,2
277,R Sharma,2
277,Yuvraj Singh,2
278,JD Unadkat,2
278,R Vinay Kumar,2
250,S Nadeem,2
251,Shakib Al Hasan,2
252,R Ashwin,2
278,RV Gomez,2
279,AB Agarkar,2
279,DW Steyn,2
279,I Sharma,2
280,PP Chawla,2
247,SL Malinga,2
248,JA Morkel,2
248,JJ van der Wath,2
248,R Ninan,2
275,Iqbal Abdulla,2
275,R Bhatia,2
618,NM Coulter-Nile,2
10,Harbhajan Singh,2
11,CR Woakes,2
12,MJ McClenaghan,2
619,MJ McClenaghan,2
619,MM Sharma,2
619,Sandeep Sharma,2
620,P Kumar,2
620,Sachin Baby,2
621,PP Chawla,2
621,R Ashwin,2
276,JA Morkel,2
276,SB Jakati,2
277,JE Taylor,2
256,P Kumar,2
256,SR Watson,2
271,SK Trivedi,2
272,DE Bollinger,2
272,SB Jakati,2
273,Harbhajan Singh,2
273,MM Patel,2
273,PP Chawla,2
273,RJ Harris,2
273,SL Malinga,2
253,DT Christian,2
253,Harmeet Singh,2
254,AG Murtaza,2
254,AN Ahmed,2
274,P Parameswaran,2
274,R Vinay Kumar,2
269,IK Pathan,2
622,B Kumar,2
623,CH Morris,2
623,KH Pandya,2
624,S Aravind,2
8,VR Aaron,2
9,PJ Cummins,2
626,S Aravind,2
626,SR Watson,2
269,S Sreesanth,2
270,BA Bhatt,2
270,Iqbal Abdulla,2
254,SL Malinga,2
255,RA Jadeja,2
255,RP Singh,2
256,BA Bhatt,2
4,Sandeep Sharma,2
634,MC Henriques,2
635,B Kumar,2
635,BCJ Cutting,2
262,R Ashwin,2
263,A Mithun,2
260,A Mishra,2
265,RP Singh,2
266,L Balaji,2
628,BB Sran,2
628,CR Brathwaite,2
629,Gurkeerat Singh,2
630,DJ Bravo,2
630,DR Smith,2
5,Z Khan,2
6,B Kumar,2
515,RA Jadeja,2
635,DJ Bravo,2
635,S Kaushik,2
636,BCJ Cutting,2
636,S Aravind,2
633,CJ Jordan,2
633,Iqbal Abdulla,2
633,RA Jadeja,2
634,JO Holder,2
1,A Nehra,2
262,AC Thomas,2
262,DE Bollinger,2
631,DJ Hooda,2
631,Kuldeep Yadav,2
632,CH Gayle,2
4,Imran Tahir,2
2,TG Southee,1
635,Bipul Sharma,1
635,DR Smith,1
635,TA Boult,1
636,BB Sran,1
636,Bipul Sharma,1
636,Mustafizur Rahman,1
1,A Choudhary,1
632,CR Brathwaite,1
632,P Negi,1
632,S Aravind,1
632,Z Khan,1
633,YS Chahal,1
4,MP Stoinis,1
4,AR Patel,1
4,AB Dinda,1
3,TA Boult,1
3,PP Chawla,1
632,CJ Jordan,1
632,CH Morris,1
631,Shakib Al Hasan,1
631,Mustafizur Rahman,1
631,BB Sran,1
631,AS Rajpoot,1
630,JJ Bumrah,1
630,Harbhajan Singh,1
7,SP Narine,1
7,MJ McClenaghan,1
7,Kuldeep Yadav,1
266,JR Hopes,1
266,JD Unadkat,1
266,IK Pathan,1
266,AB Agarkar,1
265,NLTC Perera,1
265,MS Gony,1
265,A Mishra,1
264,TG Southee,1
264,R Ashwin,1
264,M Kartik,1
264,KMDN Kulasekara,1
261,RA Jadeja,1
261,J Botha,1
261,A Singh,1
260,PP Ojha,1
260,MM Patel,1
259,AM Nayar,1
258,L Balaji,1
258,J Syed Mohammad,1
258,DL Vettori,1
257,S Randiv,1
257,MM Patel,1
257,KA Pollard,1
257,JA Morkel,1
268,JE Taylor,1
268,J Syed Mohammad,1
268,DL Vettori,1
268,CH Gayle,1
267,SL Malinga,1
267,SK Warne,1
266,YK Pathan,1
266,M Morkel,1
256,R McLaren,1
256,PP Chawla,1
255,RR Powar,1
255,R Vinay Kumar,1
255,M Muralitharan,1
255,B Lee,1
271,J Botha,1
271,AC Thomas,1
270,YK Pathan,1
269,RR Powar,1
269,RA Jadeja,1
269,R Vinay Kumar,1
268,Z Khan,1
268,S Aravind,1
259,IK Pathan,1
259,DJ Hussey,1
254,AC Thomas,1
253,S Nadeem,1
253,S Dhawan,1
253,PP Ojha,1
253,JR Hopes,1
253,IK Pathan,1
253,AB Dinda,1
253,A Mishra,1
273,KA Pollard,1
273,Bipul Sharma,1
273,A Symonds,1
272,Harmeet Singh,1
271,SR Watson,1
271,SK Warne,1
256,SK Warne,1
256,RJ Harris,1
276,S Randiv,1
276,R Ashwin,1
276,J Botha,1
275,PP Ojha,1
275,JH Kallis,1
275,DW Steyn,1
275,DT Christian,1
275,B Lee,1
275,A Mishra,1
274,S Sreesanth,1
274,RP Singh,1
274,RE van der Merwe,1
274,M Morkel,1
254,SB Wagh,1
254,R Sharma,1
254,JEC Franklin,1
252,NLTC Perera,1
252,DE Bollinger,1
251,YK Pathan,1
251,SW Tait,1
251,SK Warne,1
251,Iqbal Abdulla,1
251,B Lee,1
250,R Sharma,1
250,JR Hopes,1
278,RP Singh,1
278,R Bhatia,1
277,MM Patel,1
277,KA Pollard,1
277,Harbhajan Singh,1
277,AC Thomas,1
276,SK Trivedi,1
249,RJ Harris,1
249,PP Chawla,1
248,Z Khan,1
248,TG Southee,1
248,SB Jakati,1
248,R Ashwin,1
281,Iqbal Abdulla,1
280,R McLaren,1
280,DL Vettori,1
279,JR Hopes,1
279,DT Christian,1
279,AM Salvi,1
279,A Mishra,1
278,YK Pathan,1
252,RV Gomez,1
252,RP Singh,1
245,A Mishra,1
244,RA Jadeja,1
244,R Vinay Kumar,1
244,R Sharma,1
244,M Muralitharan,1
283,R Vinay Kumar,1
283,CH Gayle,1
283,A Mithun,1
282,S Nadeem,1
282,M Morkel,1
282,JR Hopes,1
282,IK Pathan,1
282,DS Kulkarni,1
281,YK Pathan,1
281,L Balaji,1
250,JD Ryder,1
242,DP Nannes,1
241,SK Trivedi,1
241,RE van der Merwe,1
285,JA Morkel,1
285,J Botha,1
285,DJ Bravo,1
285,A Singh,1
284,RJ Harris,1
284,P Kumar,1
284,BA Bhatt,1
283,Z Khan,1
247,RV Gomez,1
245,R Ninan,1
245,JJ van der Wath,1
245,I Sharma,1
245,DT Christian,1
288,CK Langeveldt,1
288,CH Gayle,1
287,SJ Srivastava,1
287,RJ Harris,1
287,Bipul Sharma,1
286,WD Parnell,1
286,R Sharma,1
286,PP Ojha,1
286,A Mishra,1
244,JD Ryder,1
244,AC Thomas,1
243,TG Southee,1
243,S Randiv,1
243,RJ Harris,1
243,PP Chawla,1
243,JA Morkel,1
240,DW Steyn,1
239,WD Parnell,1
239,R McLaren,1
239,P Kumar,1
239,JD Ryder,1
239,AM Nayar,1
291,B Lee,1
290,SJ Srivastava,1
290,RJ Harris,1
290,PP Chawla,1
289,VR Aaron,1
289,JA Morkel,1
289,IK Pathan,1
289,DE Bollinger,1
289,AB Agarkar,1
288,SK Warne,1
293,P Kumar,1
293,M Morkel,1
292,SL Malinga,1
292,KA Pollard,1
292,JP Duminy,1
292,Harbhajan Singh,1
292,A Mishra,1
291,Z Khan,1
291,S Aravind,1
291,JD Unadkat,1
291,Iqbal Abdulla,1
241,M Morkel,1
241,IK Pathan,1
241,AB Dinda,1
241,A Singh,1
240,JP Duminy,1
237,Z Khan,1
237,V Kohli,1
237,TM Dilshan,1
237,S Sreesanth,1
237,RV Gomez,1
237,RA Jadeja,1
237,R Vinay Kumar,1
237,DP Nannes,1
237,DL Vettori,1
295,JP Duminy,1
295,DW Steyn,1
294,RP Singh,1
294,ND Doshi,1
294,JDP Oram,1
293,RJ Harris,1
293,PC Valthaty,1
298,WD Parnell,1
298,Iqbal Abdulla,1
298,B Kumar,1
298,AC Thomas,1
297,SB Jakati,1
297,S Sreesanth,1
297,RP Singh,1
297,R Ashwin,1
297,DJ Bravo,1
297,DE Bollinger,1
297,BJ Hodge,1
296,PC Valthaty,1
295,Yuvraj Singh,1
295,WD Parnell,1
238,M Morkel,1
238,AG Murtaza,1
235,TG Southee,1
235,SK Raina,1
235,SB Jakati,1
235,S Randiv,1
235,R Ashwin,1
235,Iqbal Abdulla,1
234,Z Khan,1
234,SK Raina,1
234,M Muralitharan,1
234,KA Pollard,1
234,JA Morkel,1
300,PC Valthaty,1
300,JP Duminy,1
300,DW Steyn,1
299,SK Warne,1
299,A Singh,1
304,R Ashwin,1
304,DJ Bravo,1
304,DE Bollinger,1
304,A Mithun,1
303,L Balaji,1
303,Iqbal Abdulla,1
302,V Kohli,1
302,R Ashwin,1
302,JA Morkel,1
302,A Mithun,1
301,SS Mundhe,1
301,MR Marsh,1
301,JP Faulkner,1
300,RJ Harris,1
300,PP Ojha,1
235,YK Pathan,1
233,R Sharma,1
233,ND Doshi,1
233,DW Steyn,1
232,SK Raina,1
232,R Ashwin,1
232,PP Ojha,1
232,M Muralitharan,1
232,JA Morkel,1
232,Harmeet Singh,1
306,AN Ahmed,1
305,SL Malinga,1
305,Harbhajan Singh,1
305,DS Kulkarni,1
305,B Lee,1
304,SB Jakati,1
304,S Aravind,1
231,CRD Fernando,1
231,A Kumble,1
230,R Sathish,1
230,MK Tiwary,1
230,JD Unadkat,1
230,AB Dinda,1
229,WPUJC Vaas,1
308,DJ Bravo,1
308,DE Bollinger,1
307,SK Raina,1
307,J Syed Mohammad,1
307,DJ Bravo,1
307,DE Bollinger,1
306,Z Khan,1
306,KA Pollard,1
234,DE Bollinger,1
228,R Ashwin,1
228,PP Chawla,1
228,JA Morkel,1
228,J Theron,1
227,SE Bond,1
227,M Kartik,1
227,LR Shukla,1
310,PP Ojha,1
310,MN Samuels,1
310,KA Pollard,1
310,Harbhajan Singh,1
309,R Bhatia,1
309,JH Kallis,1
308,JEC Franklin,1
232,A Symonds,1
231,KP Pietersen,1
225,RP Singh,1
225,RJ Harris,1
225,R Sharma,1
312,GJ Maxwell,1
312,DL Vettori,1
312,AB McDonald,1
311,SK Trivedi,1
311,PP Chawla,1
311,Harmeet Singh,1
311,A Singh,1
310,WD Parnell,1
310,R Sharma,1
229,PD Collingwood,1
229,MR Marsh,1
229,A Mishra,1
228,SK Raina,1
315,AD Mascarenhas,1
315,AB Dinda,1
315,A Nehra,1
314,R Bhatia,1
314,J Botha,1
313,TP Sudhindra,1
313,SK Raina,1
313,Ankit Sharma,1
312,Z Khan,1
312,S Nadeem,1
226,Z Khan,1
226,R McLaren,1
226,KP Pietersen,1
226,A Kumble,1
225,Yuvraj Singh,1
225,VS Malik,1
225,J Theron,1
225,IK Pathan,1
224,TM Dilshan,1
224,SB Jakati,1
224,R Ashwin,1
224,DP Nannes,1
224,A Mishra,1
223,SK Warne,1
223,R Vinay Kumar,1
223,Kamran Khan,1
317,DL Vettori,1
316,DT Christian,1
316,A Mishra,1
315,MN Samuels,1
315,JP Faulkner,1
315,JD Ryder,1
319,AA Chavan,1
318,UT Yadav,1
318,R Ashwin,1
318,IK Pathan,1
317,RN ten Doeschate,1
317,HV Patel,1
223,JH Kallis,1
223,DW Steyn,1
222,SK Raina,1
222,SB Jakati,1
222,M Muralitharan,1
222,CH Gayle,1
221,Harbhajan Singh,1
221,AB McDonald,1
221,A Nehra,1
225,PP Chawla,1
220,A Symonds,1
220,A Kumble,1
219,SK Trivedi,1
219,KA Pollard,1
219,Harbhajan Singh,1
219,DS Kulkarni,1
219,AP Dole,1
218,Yuvraj Singh,1
322,A Singh,1
321,R Sharma,1
321,PP Chawla,1
321,AD Mathews,1
321,AB Dinda,1
320,Z Khan,1
320,R Vinay Kumar,1
319,KK Cooper,1
216,SK Raina,1
216,SB Jakati,1
216,RP Singh,1
216,PP Ojha,1
324,VY Mahesh,1
324,AD Mathews,1
324,AB Dinda,1
324,A Nehra,1
323,V Pratap Singh,1
323,UT Yadav,1
323,DT Christian,1
322,SP Narine,1
322,J Botha,1
322,GB Hogg,1
322,AL Menaria,1
220,R Vinay Kumar,1
328,Anand Rajan,1
327,PP Ojha,1
327,IK Pathan,1
326,Z Khan,1
326,J Botha,1
326,GB Hogg,1
326,DL Vettori,1
325,Shakib Al Hasan,1
325,Harmeet Singh,1
325,AD Mascarenhas,1
218,L Ablish,1
218,J Theron,1
218,A Mishra,1
217,DW Steyn,1
217,AD Mathews,1
217,A Kumble,1
215,JP Duminy,1
214,R Vinay Kumar,1
214,P Kumar,1
214,MR Marsh,1
214,A Symonds,1
214,A Kumble,1
213,R Bhatia,1
329,MN Samuels,1
329,HV Patel,1
329,DL Vettori,1
329,AD Mathews,1
329,AB Dinda,1
329,A Nehra,1
328,SK Trivedi,1
328,DT Christian,1
328,BJ Hodge,1
212,SR Watson,1
212,RS Bopara,1
211,SK Raina,1
211,SB Jakati,1
211,S Tyagi,1
211,Harbhajan Singh,1
332,SB Jakati,1
332,R Ashwin,1
332,DE Bollinger,1
331,S Dhawan,1
331,M Morkel,1
330,R Bhatia,1
330,L Balaji,1
216,Harmeet Singh,1
216,A Symonds,1
215,KA Pollard,1
209,MF Maharoof,1
209,KP Appanna,1
209,DL Vettori,1
209,A Mithun,1
335,M Kartik,1
334,SB Jakati,1
334,R Ashwin,1
334,KMDN Kulasekara,1
334,GB Hogg,1
334,DE Bollinger,1
333,R Vinay Kumar,1
333,PP Chawla,1
333,HV Patel,1
213,Iqbal Abdulla,1
213,DL Vettori,1
213,AB Agarkar,1
208,J Theron,1
208,IK Pathan,1
207,SL Malinga,1
207,RJ Harris,1
207,R Sharma,1
338,Pankaj Singh,1
337,R Bhatia,1
337,B Lee,1
337,Ankit Sharma,1
337,Anand Rajan,1
337,A Mishra,1
211,DJ Bravo,1
211,DE Bollinger,1
210,PP Ojha,1
210,DR Smith,1
209,R Bhatia,1
341,MS Gony,1
341,MN Samuels,1
341,B Kumar,1
341,Ankit Sharma,1
340,RP Singh,1
340,PP Chawla,1
340,JEC Franklin,1
340,CJ McKay,1
339,R Sharma,1
339,M Morkel,1
339,IK Pathan,1
338,Z Khan,1
209,A Kumble,1
208,SE Bond,1
208,RS Bopara,1
208,M Kartik,1
205,SJ Srivastava,1
205,R Vinay Kumar,1
205,JH Kallis,1
205,IK Pathan,1
205,DW Steyn,1
205,Bipul Sharma,1
205,A Kumble,1
204,SE Bond,1
204,M Kartik,1
344,DL Vettori,1
343,P Kumar,1
343,KMDN Kulasekara,1
343,DJ Hussey,1
342,M Morkel,1
342,AB Agarkar,1
341,R Sharma,1
346,RP Singh,1
346,MM Patel,1
346,JP Duminy,1
346,A Ashish Reddy,1
345,M Morkel,1
345,IK Pathan,1
345,GB Hogg,1
345,AA Chavan,1
344,Z Khan,1
344,YK Pathan,1
344,SP Narine,1
344,R Bhatia,1
344,LR Shukla,1
206,SK Warne,1
206,SB Wagh,1
206,M Muralitharan,1
203,V Sehwag,1
203,SW Tait,1
203,SK Warne,1
203,S Ladda,1
203,PD Collingwood,1
202,T Thushara,1
202,R Vinay Kumar,1
202,KP Pietersen,1
348,B Kumar,1
348,Ankit Sharma,1
348,A Nehra,1
348,A Ashish Reddy,1
347,SP Narine,1
347,JA Morkel,1
347,B Lee,1
346,V Pratap Singh,1
351,MM Patel,1
351,AB Dinda,1
350,RJ Harris,1
350,PP Chawla,1
350,KP Appanna,1
349,UT Yadav,1
349,SR Watson,1
349,M Morkel,1
349,AA Chavan,1
348,WD Parnell,1
348,V Pratap Singh,1
348,S Dhawan,1
348,MN Samuels,1
204,CH Gayle,1
204,AD Mathews,1
204,AB Agarkar,1
201,SJ Srivastava,1
201,PP Chawla,1
201,IK Pathan,1
201,DJ Bravo,1
200,R Bhatia,1
200,PD Collingwood,1
200,I Sharma,1
200,DP Nannes,1
352,SK Raina,1
352,JA Morkel,1
352,DT Christian,1
352,BW Hilfenhaus,1
352,AA Jhunjhunwala,1
352,A Mishra,1
352,A Ashish Reddy,1
351,PP Ojha,1
355,JEC Franklin,1
354,STR Binny,1
354,SK Trivedi,1
353,SP Narine,1
353,R Bhatia,1
353,M Kartik,1
353,JH Kallis,1
353,Iqbal Abdulla,1
200,CH Gayle,1
200,A Mishra,1
199,KA Pollard,1
198,YK Pathan,1
198,SK Warne,1
202,JH Kallis,1
202,DW Steyn,1
202,A Kumble,1
197,R Vinay Kumar,1
197,PJ Sangwan,1
197,DW Steyn,1
196,PP Chawla,1
196,CH Gayle,1
196,AD Mathews,1
195,SK Warne,1
357,VR Aaron,1
357,PJ Sangwan,1
357,M Morkel,1
357,B Lee,1
356,V Pratap Singh,1
356,P Parameswaran,1
356,Anand Rajan,1
356,A Ashish Reddy,1
355,R Ashwin,1
194,Harbhajan Singh,1
193,SK Warne,1
193,SJ Srivastava,1
193,S Sreesanth,1
193,PP Chawla,1
193,MM Patel,1
360,PP Ojha,1
359,V Pratap Singh,1
359,S Dhawan,1
359,PP Chawla,1
358,WD Parnell,1
358,STR Binny,1
358,MJ Clarke,1
358,J Botha,1
358,B Kumar,1
197,UT Yadav,1
363,PP Ojha,1
363,MM Patel,1
363,KA Pollard,1
363,DR Smith,1
362,R Sharma,1
362,KP Appanna,1
362,HV Patel,1
362,AD Mathews,1
361,SR Watson,1
361,RA Jadeja,1
361,R Ashwin,1
195,PP Ojha,1
194,SB Jakati,1
194,R McLaren,1
194,L Balaji,1
194,Joginder Sharma,1
192,L Balaji,1
192,JA Morkel,1
192,A Kumble,1
191,M Kartik,1
191,Harbhajan Singh,1
190,Yuvraj Singh,1
190,RR Powar,1
190,PP Chawla,1
190,L Balaji,1
366,A Mishra,1
365,SW Tait,1
365,AD Mathews,1
364,R Ashwin,1
364,JA Morkel,1
364,IK Pathan,1
363,Shakib Al Hasan,1
369,P Kumar,1
368,RA Jadeja,1
368,R Ashwin,1
368,BW Hilfenhaus,1
367,Z Khan,1
367,RP Singh,1
367,R Vinay Kumar,1
367,MM Patel,1
367,M Muralitharan,1
367,KA Pollard,1
367,Harbhajan Singh,1
367,HV Patel,1
366,P Kumar,1
366,P Awana,1
366,MS Gony,1
192,P Kumar,1
189,WPUJC Vaas,1
189,S Ladda,1
189,PP Ojha,1
189,MC Henriques,1
189,DP Nannes,1
189,A Mishra,1
188,Z Khan,1
188,P Kumar,1
188,JH Kallis,1
188,Harbhajan Singh,1
370,MM Patel,1
370,KA Pollard,1
370,Iqbal Abdulla,1
370,DR Smith,1
369,PP Chawla,1
369,P Negi,1
186,RP Singh,1
186,RG Sharma,1
186,PP Ojha,1
186,Jaskaran Singh,1
186,IK Pathan,1
186,Bipul Sharma,1
373,A Chandila,1
372,VR Aaron,1
372,M Muralitharan,1
371,RJ Harris,1
371,JA Morkel,1
371,BW Hilfenhaus,1
370,Shakib Al Hasan,1
370,SL Malinga,1
190,IK Pathan,1
189,Y Nagar,1
185,DP Nannes,1
185,A Mishra,1
183,SL Malinga,1
183,PJ Sangwan,1
375,MJ Clarke,1
375,L Balaji,1
375,Iqbal Abdulla,1
375,B Kumar,1
374,AD Russell,1
373,STR Binny,1
373,MS Gony,1
373,J Botha,1
188,A Kumble,1
187,SK Trivedi,1
187,MM Patel,1
186,SJ Srivastava,1
378,P Negi,1
378,L Balaji,1
378,Iqbal Abdulla,1
378,IK Pathan,1
377,SL Malinga,1
377,KA Pollard,1
376,V Pratap Singh,1
376,P Parameswaran,1
376,M Muralitharan,1
375,SP Narine,1
375,R Bhatia,1
186,A Symonds,1
185,UT Yadav,1
185,TM Dilshan,1
185,R Ashwin,1
185,Joginder Sharma,1
182,R Ashwin,1
182,MS Gony,1
182,M Muralitharan,1
182,LR Shukla,1
182,JA Morkel,1
182,I Sharma,1
182,BJ Hodge,1
181,PP Chawla,1
181,P Kumar,1
379,R Ashwin,1
379,KA Pollard,1
379,JEC Franklin,1
379,BW Hilfenhaus,1
378,UT Yadav,1
378,Shakib Al Hasan,1
378,R Bhatia,1
382,A Nehra,1
381,Shakib Al Hasan,1
381,R Bhatia,1
381,R Ashwin,1
381,JH Kallis,1
381,JA Morkel,1
381,DJ Bravo,1
380,UT Yadav,1
380,P Negi,1
380,JA Morkel,1
380,DJ Bravo,1
380,BW Hilfenhaus,1
379,SB Jakati,1
379,RA Jadeja,1
183,KA Pollard,1
183,A Mishra,1
181,Bipul Sharma,1
180,SK Warne,1
180,PJ Sangwan,1
180,MM Patel,1
180,MF Maharoof,1
180,DP Nannes,1
180,A Mishra,1
179,RP Singh,1
179,RG Sharma,1
179,R Ashwin,1
384,A Ashish Reddy,1
383,MG Johnson,1
383,M Kartik,1
383,Harbhajan Singh,1
382,L Balaji,1
382,J Botha,1
177,PJ Sangwan,1
177,IK Pathan,1
177,A Mishra,1
176,SW Tait,1
386,DP Nannes,1
386,B Laughlin,1
386,AS Rajpoot,1
385,S Sreesanth,1
385,S Nadeem,1
385,R Shukla,1
384,Yuvraj Singh,1
384,R Sharma,1
384,MN Samuels,1
384,B Kumar,1
181,JH Kallis,1
181,DW Steyn,1
388,DW Steyn,1
388,A Mishra,1
388,A Ashish Reddy,1
387,RJ Harris,1
387,R Sharma,1
387,PP Chawla,1
387,P Awana,1
387,AD Mathews,1
386,R Ashwin,1
386,MG Johnson,1
386,KA Pollard,1
178,P Kumar,1
178,CK Langeveldt,1
177,YA Abdulla,1
177,VY Mahesh,1
177,TM Dilshan,1
175,LR Shukla,1
175,Jaskaran Singh,1
175,I Sharma,1
175,BJ Hodge,1
175,AD Mathews,1
174,RP Singh,1
174,RJ Harris,1
389,SW Tait,1
389,S Sreesanth,1
389,R Bhatia,1
389,LR Shukla,1
389,B Lee,1
388,R Vinay Kumar,1
388,NLTC Perera,1
388,M Muralitharan,1
388,GH Vihari,1
173,JH Kallis,1
173,JA Morkel,1
172,A Symonds,1
172,A Nehra,1
392,R McLaren,1
392,L Balaji,1
391,RA Jadeja,1
391,R Ashwin,1
390,SL Malinga,1
390,M Morkel,1
390,IK Pathan,1
390,Harbhajan Singh,1
176,R Sathish,1
176,AG Murtaza,1
175,RP Singh,1
175,M Kartik,1
170,SL Malinga,1
170,R Bhatia,1
170,DS Kulkarni,1
170,AM Salvi,1
169,WA Mota,1
394,J Botha,1
394,IK Pathan,1
394,Anand Rajan,1
394,A Mishra,1
393,Harmeet Singh (2),1
393,B Kumar,1
173,SB Jakati,1
173,RE van der Merwe,1
173,P Kumar,1
173,MS Gony,1
173,M Muralitharan,1
167,RE van der Merwe,1
397,A Ashish Reddy,1
396,R Vinay Kumar,1
396,R Ashwin,1
396,DP Nannes,1
396,DJ Bravo,1
395,Yuvraj Singh,1
395,SL Malinga,1
395,PP Ojha,1
395,MR Marsh,1
395,KA Pollard,1
395,Harbhajan Singh,1
395,AJ Finch,1
171,RP Singh,1
171,RE van der Merwe,1
171,A Symonds,1
166,AB Dinda,1
165,J Botha,1
165,DP Nannes,1
165,A Nehra,1
164,Y Venugopal Rao,1
164,TL Suman,1
399,AM Nayar,1
398,PP Chawla,1
398,P Awana,1
397,SP Narine,1
397,SMSM Senanayake,1
397,KV Sharma,1
169,RR Powar,1
169,PP Chawla,1
168,SS Sarkar,1
168,A Singh,1
162,S Tyagi,1
162,JA Morkel,1
162,DS Kulkarni,1
162,DJ Bravo,1
161,WA Mota,1
401,M Morkel,1
401,AB McDonald,1
401,A Nehra,1
400,MS Gony,1
400,L Balaji,1
399,RA Jadeja,1
399,R Sharma,1
167,JH Kallis,1
167,A Nehra,1
166,SB Jakati,1
166,M Muralitharan,1
403,KA Pollard,1
403,Harbhajan Singh,1
402,MR Marsh,1
402,KV Sharma,1
402,I Sharma,1
402,DW Steyn,1
402,AB Dinda,1
401,S Nadeem,1
401,R Vinay Kumar,1
164,A Symonds,1
163,RG Sharma,1
163,M Kartik,1
163,BJ Hodge,1
163,A Symonds,1
162,SL Malinga,1
162,SK Raina,1
160,Harbhajan Singh,1
160,DJ Bravo,1
160,C Nanda,1
159,S Tyagi,1
159,RE van der Merwe,1
405,DW Steyn,1
405,Azhar Mahmood,1
404,UT Yadav,1
404,RA Jadeja,1
404,M Morkel,1
404,JA Morkel,1
404,IK Pathan,1
404,DJ Bravo,1
404,CH Morris,1
403,SK Trivedi,1
403,KK Cooper,1
158,A Symonds,1
158,A Nehra,1
407,JP Faulkner,1
407,JD Unadkat,1
406,YK Pathan,1
406,SP Narine,1
406,SMSM Senanayake,1
406,L Balaji,1
406,JH Kallis,1
406,DJ Bravo,1
406,CH Morris,1
405,PP Chawla,1
405,P Kumar,1
161,PJ Sangwan,1
161,A Nehra,1
160,SL Malinga,1
411,M Kartik,1
411,LJ Wright,1
410,A Chandila,1
409,Yuvraj Singh,1
409,P Awana,1
409,MS Gony,1
409,BAW Mendis,1
409,B Kumar,1
408,SL Malinga,1
408,RE van der Merwe,1
407,M Kartik,1
159,P Kumar,1
159,M Muralitharan,1
159,L Balaji,1
158,DR Smith,1
158,DP Nannes,1
157,Harbhajan Singh,1
157,DS Kulkarni,1
157,B Lee,1
157,AM Rahane,1
156,BAW Mendis,1
156,B Akhil,1
156,AB Agarkar,1
156,A Kumble,1
155,SK Warne,1
412,P Kumar,1
412,P Awana,1
412,M Morkel,1
412,IK Pathan,1
411,RP Singh,1
411,R Vinay Kumar,1
411,MR Marsh,1
155,RP Singh,1
155,PP Ojha,1
154,PJ Sangwan,1
154,MC Henriques,1
153,SL Malinga,1
153,RE van der Merwe,1
153,R Vinay Kumar,1
153,DS Kulkarni,1
415,Harmeet Singh,1
414,R Ashwin,1
414,I Sharma,1
414,DW Steyn,1
413,SMSM Senanayake,1
413,R Bhatia,1
157,SL Malinga,1
157,PP Chawla,1
418,R Bhatia,1
418,MM Sharma,1
418,DJ Bravo,1
418,CH Morris,1
417,RP Singh,1
417,R Vinay Kumar,1
417,R Rampaul,1
417,J Syed Mohammad,1
416,STR Binny,1
416,NLTC Perera,1
416,KK Cooper,1
416,DW Steyn,1
415,S Ladda,1
415,R Bhatia,1
415,L Balaji,1
155,SK Trivedi,1
152,SK Trivedi,1
152,L Balaji,1
152,JA Morkel,1
152,A Singh,1
151,WA Mota,1
151,TL Suman,1
151,S Sreesanth,1
151,PP Chawla,1
151,B Lee,1
420,S Sreesanth,1
420,RP Singh,1
420,R Vinay Kumar,1
420,MC Henriques,1
419,R Sharma,1
419,AM Nayar,1
418,SP Narine,1
423,Harbhajan Singh,1
423,DS Kulkarni,1
422,RA Jadeja,1
422,R Sharma,1
422,LJ Wright,1
422,KW Richardson,1
422,DJ Bravo,1
422,CH Morris,1
421,SL Malinga,1
421,PP Chawla,1
421,P Kumar,1
421,MS Gony,1
420,SK Trivedi,1
153,DJ Bravo,1
153,C Nanda,1
152,SK Warne,1
149,S Sreesanth,1
149,PP Chawla,1
149,L Balaji,1
149,JA Morkel,1
149,IK Pathan,1
148,MM Patel,1
148,LA Carseldine,1
148,JH Kallis,1
424,S Nadeem,1
424,M Morkel,1
424,L Balaji,1
424,JH Kallis,1
424,IK Pathan,1
424,B Lee,1
424,A Nehra,1
423,MG Johnson,1
427,SR Watson,1
427,SP Narine,1
427,R Bhatia,1
427,JH Kallis,1
427,Iqbal Abdulla,1
427,AA Chavan,1
426,TL Suman,1
426,RP Singh,1
426,MC Henriques,1
426,CH Gayle,1
425,R Ashwin,1
425,PP Chawla,1
150,SL Malinga,1
150,JP Duminy,1
150,Harbhajan Singh,1
149,SB Jakati,1
147,RR Raje,1
147,DS Kulkarni,1
147,DJ Bravo,1
146,AB Agarkar,1
146,A Nehra,1
145,YK Pathan,1
145,SM Harwood,1
430,DJ Bravo,1
429,Z Khan,1
429,M Muralitharan,1
429,JD Unadkat,1
428,KV Sharma,1
428,I Sharma,1
428,BMAJ Mendis,1
428,A Nehra,1
428,A Mishra,1
432,NLTC Perera,1
432,M Muralitharan,1
432,M Kartik,1
432,I Sharma,1
432,CL White,1
431,SK Trivedi,1
431,KK Cooper,1
431,JP Faulkner,1
431,B Kumar,1
431,AD Mathews,1
430,R Ashwin,1
430,P Suyal,1
430,Harbhajan Singh,1
148,D du Preez,1
147,ST Jayasuriya,1
147,SL Malinga,1
144,TL Suman,1
144,Shoaib Ahmed,1
144,SK Raina,1
144,S Tyagi,1
144,RP Singh,1
143,Z Khan,1
143,RE van der Merwe,1
434,R Bhatia,1
434,Iqbal Abdulla,1
434,AN Ahmed,1
433,STR Binny,1
433,SR Watson,1
433,SK Trivedi,1
433,S Kaul,1
433,JP Faulkner,1
432,R Vinay Kumar,1
141,M Muralitharan,1
141,JA Morkel,1
140,YK Pathan,1
436,SR Watson,1
436,PP Chawla,1
436,JP Faulkner,1
436,Bipul Sharma,1
436,A Chandila,1
435,SK Raina,1
435,R Ashwin,1
435,DJ Bravo,1
435,CH Morris,1
434,SL Malinga,1
145,SK Trivedi,1
145,RR Powar,1
145,IK Pathan,1
138,GR Napier,1
138,CH Gayle,1
439,KW Richardson,1
439,Harbhajan Singh,1
439,BAW Mendis,1
438,S Nadeem,1
438,S Kaul,1
438,R Vinay Kumar,1
438,MC Henriques,1
438,IK Pathan,1
437,R Bhatia,1
437,Parvez Rasool,1
142,YA Abdulla,1
142,BJ Hodge,1
142,AB Agarkar,1
141,PJ Sangwan,1
442,CH Morris,1
441,SMSM Senanayake,1
441,R Rampaul,1
441,M Kartik,1
441,A Mithun,1
440,PP Chawla,1
440,P Awana,1
440,NLTC Perera,1
440,Harmeet Singh,1
439,Yuvraj Singh,1
140,SK Trivedi,1
140,RA Jadeja,1
140,PP Ojha,1
140,FH Edwards,1
138,M Kartik,1
138,I Sharma,1
138,AB Dinda,1
138,AB Agarkar,1
137,SK Warne,1
137,SK Raina,1
136,RP Singh,1
136,PP Ojha,1
136,PJ Sangwan,1
443,RE van der Merwe,1
443,P Awana,1
443,J Botha,1
443,IK Pathan,1
443,BA Bhatt,1
443,A Nehra,1
442,STR Binny,1
442,MM Sharma,1
442,DJ Bravo,1
135,PP Chawla,1
135,JP Duminy,1
135,Harbhajan Singh,1
135,DJ Bravo,1
134,RE van der Merwe,1
134,P Kumar,1
446,RE van der Merwe,1
445,SMSM Senanayake,1
445,L Balaji,1
445,JH Kallis,1
445,IC Pandey,1
445,B Kumar,1
444,MG Johnson,1
444,I Sharma,1
138,BJ Hodge,1
138,AM Nayar,1
132,Z Khan,1
132,I Sharma,1
448,R Vinay Kumar,1
448,R Rampaul,1
448,P Awana,1
447,SL Malinga,1
447,PV Tambe,1
447,PP Ojha,1
447,KK Cooper,1
447,Harbhajan Singh,1
136,DL Vettori,1
136,A Mishra,1
135,Z Khan,1
135,VS Malik,1
135,ST Jayasuriya,1
135,RR Powar,1
131,M Muralitharan,1
131,L Balaji,1
131,FH Edwards,1
450,R Dhawan,1
450,P Kumar,1
450,P Awana,1
450,NM Coulter-Nile,1
450,KA Pollard,1
450,Harbhajan Singh,1
450,AC Gilchrist,1
449,SR Watson,1
449,SK Trivedi,1
134,KP Pietersen,1
134,KP Appanna,1
133,Kamran Khan,1
133,A Nehra,1
453,Mohammed Shami,1
453,KV Sharma,1
453,Anand Rajan,1
453,A Mishra,1
452,R Vinay Kumar,1
452,R Rampaul,1
452,MM Sharma,1
452,DJ Bravo,1
451,WD Parnell,1
451,UT Yadav,1
451,S Nadeem,1
451,IK Pathan,1
132,BJ Hodge,1
131,Y Venugopal Rao,1
131,RP Singh,1
131,RG Sharma,1
129,DP Nannes,1
129,DL Vettori,1
129,B Akhil,1
129,A Mishra,1
128,ST Jayasuriya,1
128,Harbhajan Singh,1
127,VRV Singh,1
455,KV Sharma,1
455,JP Faulkner,1
455,I Sharma,1
455,DW Steyn,1
455,A Mishra,1
454,KA Pollard,1
454,JA Morkel,1
454,CH Morris,1
453,NLTC Perera,1
127,A Kumble,1
126,MM Patel,1
126,AD Mascarenhas,1
125,MS Gony,1
125,JA Morkel,1
457,KA Pollard,1
457,CH Morris,1
456,STR Binny,1
456,SR Watson,1
456,SL Malinga,1
456,SK Trivedi,1
456,JP Faulkner,1
455,SR Watson,1
455,SK Trivedi,1
129,PJ Sangwan,1
129,KP Appanna,1
460,A Nehra,1
459,YS Chahal,1
459,VR Aaron,1
459,R Sharma,1
459,Mohammed Shami,1
459,MA Starc,1
459,JA Morkel,1
458,Z Khan,1
458,Shakib Al Hasan,1
458,PP Chawla,1
458,M Morkel,1
457,R Dhawan,1
457,PP Ojha,1
457,MM Sharma,1
127,PP Chawla,1
127,JH Kallis,1
124,P Kumar,1
124,JD Ryder,1
124,FH Edwards,1
124,DW Steyn,1
123,VS Malik,1
123,MC Henriques,1
123,I Sharma,1
123,AB Dinda,1
122,MS Gony,1
462,JA Morkel,1
462,AB Dinda,1
461,I Sharma,1
461,B Kumar,1
460,P Awana,1
460,DR Smith,1
460,AR Patel,1
121,AB Dinda,1
120,VY Mahesh,1
120,AM Salvi,1
119,T Henderson,1
464,JP Faulkner,1
464,DS Kulkarni,1
464,AR Patel,1
463,SP Narine,1
463,S Nadeem,1
463,PP Chawla,1
463,Mohammed Shami,1
463,JH Kallis,1
463,JD Unadkat,1
462,SL Malinga,1
125,A Nehra,1
124,PP Ojha,1
465,S Nadeem,1
465,Mohammed Shami,1
465,MM Sharma,1
465,JDS Neesham,1
465,DR Smith,1
465,BW Hilfenhaus,1
464,P Awana,1
464,MG Johnson,1
464,M Kartik,1
464,KW Richardson,1
122,KP Pietersen,1
122,Joginder Sharma,1
122,JA Morkel,1
122,DW Steyn,1
122,A Flintoff,1
121,Harmeet Singh,1
118,Joginder Sharma,1
118,JDP Oram,1
118,Harbhajan Singh,1
118,DJ Bravo,1
118,A Flintoff,1
468,JA Morkel,1
467,STR Binny,1
467,R Ashwin,1
467,PV Tambe,1
467,MM Sharma,1
467,JP Faulkner,1
467,IC Pandey,1
467,BW Hilfenhaus,1
466,Sandeep Sharma,1
466,R Dhawan,1
466,DJG Sammy,1
470,PP Ojha,1
469,S Nadeem,1
469,KV Sharma,1
469,DJG Sammy,1
468,YS Chahal,1
468,UT Yadav,1
468,SP Narine,1
468,JH Kallis,1
117,Sohail Tanvir,1
117,SR Watson,1
117,MS Gony,1
116,M Muralitharan,1
116,IK Pathan,1
115,SK Trivedi,1
115,Mohammad Asif,1
118,T Thushara,1
114,PM Sarvesh Kumar,1
114,MS Gony,1
114,M Ntini,1
114,M Muralitharan,1
114,DP Vijaykumar,1
113,SK Warne,1
113,RR Raje,1
473,CJ Anderson,1
472,R Dhawan,1
472,M Morkel,1
472,L Balaji,1
472,JH Kallis,1
471,YS Chahal,1
471,STR Binny,1
471,SR Watson,1
471,R Bhatia,1
476,KW Richardson,1
475,L Balaji,1
475,AB Dinda,1
474,KV Sharma,1
474,DR Smith,1
473,WD Parnell,1
473,S Nadeem,1
473,RG Sharma,1
112,JR Hopes,1
112,BAW Mendis,1
111,Shahid Afridi,1
111,SB Styris,1
111,JH Kallis,1
110,SK Raina,1
110,MM Patel,1
114,PP Ojha,1
109,B Geeves,1
109,A Nel,1
109,A Nehra,1
109,A Mishra,1
108,VRV Singh,1
108,SB Styris,1
108,S Sreesanth,1
108,RR Powar,1
108,RG Sharma,1
108,Gagandeep Singh,1
107,R Vinay Kumar,1
477,SL Malinga,1
477,DJG Sammy,1
476,Shakib Al Hasan,1
476,R Bhatia,1
476,M Morkel,1
480,S Nadeem,1
480,Mohammed Shami,1
480,KW Richardson,1
479,SL Malinga,1
479,L Balaji,1
479,CJ Anderson,1
478,R Ashwin,1
478,AD Russell,1
107,P Kumar,1
107,M Muralitharan,1
107,L Balaji,1
106,SM Pollock,1
106,PP Chawla,1
106,CRD Fernando,1
105,YK Pathan,1
109,MF Maharoof,1
483,RA Jadeja,1
483,R Ashwin,1
483,MM Sharma,1
483,LR Shukla,1
483,BW Hilfenhaus,1
482,Shakib Al Hasan,1
481,HV Patel,1
481,AB Dinda,1
480,WD Parnell,1
105,SK Trivedi,1
105,SC Ganguly,1
105,I Sharma,1
104,TM Dilshan,1
104,P Kumar,1
104,DW Steyn,1
103,L Balaji,1
100,PJ Sangwan,1
100,GD McGrath,1
100,A Mishra,1
99,Shoaib Akhtar,1
99,I Sharma,1
486,BW Hilfenhaus,1
485,UT Yadav,1
485,Shakib Al Hasan,1
485,SP Narine,1
485,JH Kallis,1
484,YS Chahal,1
484,VR Aaron,1
484,P Suyal,1
484,HV Patel,1
484,AB Dinda,1
483,WD Parnell,1
97,S Sreesanth,1
97,IK Pathan,1
96,SM Pollock,1
96,Joginder Sharma,1
488,AR Patel,1
487,PV Tambe,1
487,MC Henriques,1
487,KV Sharma,1
487,IK Pathan,1
486,Sandeep Sharma,1
486,R Dhawan,1
486,GJ Maxwell,1
486,DR Smith,1
102,AM Nayar,1
101,SK Trivedi,1
101,A Kumble,1
94,VRV Singh,1
94,R Vinay Kumar,1
94,IK Pathan,1
93,V Sehwag,1
93,MF Maharoof,1
490,KA Pollard,1
490,IC Pandey,1
489,S Kaul,1
489,R Shukla,1
489,B Kumar,1
488,VR Aaron,1
488,MG Johnson,1
488,JA Morkel,1
98,DP Vijaykumar,1
97,YK Pathan,1
97,SR Watson,1
91,VRV Singh,1
91,PP Chawla,1
91,P Amarnath,1
91,MS Gony,1
91,M Muralitharan,1
492,YS Chahal,1
492,R Tewatia,1
492,PV Tambe,1
492,JP Faulkner,1
491,UT Yadav,1
491,SP Narine,1
491,P Awana,1
490,S Badree,1
490,MM Sharma,1
95,PJ Sangwan,1
95,AB Dinda,1
495,YS Chahal,1
495,S Kaul,1
495,R Shukla,1
495,Mohammed Shami,1
495,AN Ahmed,1
494,S Badree,1
494,R Bhatia,1
494,R Ashwin,1
494,KK Cooper,1
494,JP Faulkner,1
493,MC Henriques,1
92,WPUJC Vaas,1
92,Umar Gul,1
92,RP Singh,1
92,LR Shukla,1
92,DP Vijaykumar,1
498,PV Tambe,1
498,KK Cooper,1
498,JP Faulkner,1
498,JP Duminy,1
498,DS Kulkarni,1
498,BCJ Cutting,1
497,Shakib Al Hasan,1
497,SP Narine,1
497,SL Malinga,1
497,PP Chawla,1
497,LMP Simmons,1
496,Shivam Sharma,1
496,Sandeep Sharma,1
496,KV Sharma,1
496,B Kumar,1
496,A Mishra,1
90,A Nehra,1
89,YK Pathan,1
89,SR Watson,1
89,SK Trivedi,1
89,RP Singh,1
89,PP Ojha,1
89,MM Patel,1
88,Z Khan,1
88,SC Ganguly,1
88,P Kumar,1
88,I Sharma,1
500,DW Steyn,1
499,RA Jadeja,1
499,M Muralitharan,1
499,AN Ahmed,1
498,STR Binny,1
503,Parvez Rasool,1
503,KV Sharma,1
503,IK Pathan,1
502,Mohammed Shami,1
502,AR Patel,1
500,SP Narine,1
500,PP Chawla,1
500,KV Sharma,1
87,Mohammad Asif,1
87,MS Gony,1
86,SM Pollock,1
86,SK Warne,1
85,Shahid Afridi,1
85,SB Styris,1
91,JA Morkel,1
90,DW Steyn,1
85,JA Morkel,1
85,DP Vijaykumar,1
84,VRV Singh,1
84,IK Pathan,1
83,SR Watson,1
83,SK Warne,1
505,R Dhawan,1
505,P Kumar,1
505,K Santokie,1
505,BE Hendricks,1
505,AR Patel,1
504,SP Narine,1
504,RA Jadeja,1
504,PP Chawla,1
504,PJ Cummins,1
504,IC Pandey,1
509,JP Faulkner,1
508,WD Parnell,1
508,S Nadeem,1
508,S Gopal,1
508,Harbhajan Singh,1
507,SK Raina,1
507,RA Jadeja,1
507,JW Hastings,1
506,UT Yadav,1
506,MA Starc,1
506,AN Ahmed,1
506,AB Dinda,1
85,SB Bangar,1
85,PP Ojha,1
85,MS Gony,1
85,M Muralitharan,1
82,Shoaib Malik,1
82,R Bhatia,1
82,PJ Sangwan,1
82,Mohammad Asif,1
82,DJ Thornely,1
82,DJ Bravo,1
81,VRV Singh,1
511,JO Holder,1
510,Yuvraj Singh,1
510,RA Jadeja,1
510,R Rampaul,1
510,R Ashwin,1
510,MM Sharma,1
509,VS Malik,1
509,R Tewatia,1
509,L Balaji,1
79,V Sehwag,1
79,R Bhatia,1
513,KA Pollard,1
513,JJ Bumrah,1
513,Harbhajan Singh,1
512,R Dhawan,1
512,Mohammed Shami,1
512,JD Unadkat,1
512,Imran Tahir,1
511,Shakib Al Hasan,1
511,RN ten Doeschate,1
511,R Vinay Kumar,1
511,M Morkel,1
83,S Vidyut,1
83,M Muralitharan,1
82,V Sehwag,1
516,IC Pandey,1
516,AR Patel,1
515,R Ashwin,1
515,PP Ojha,1
514,Shakib Al Hasan,1
514,PP Chawla,1
513,S Gopal,1
81,Mohammad Hafeez,1
81,Gagandeep Singh,1
81,DJ Hussey,1
81,AB Dinda,1
80,WPUJC Vaas,1
80,SB Bangar,1
80,DB Ravi Teja,1
80,A Kumble,1
79,VY Mahesh,1
79,GD McGrath,1
78,SK Warne,1
78,LR Shukla,1
78,I Sharma,1
78,AB Agarkar,1
77,S Sreesanth,1
77,Gagandeep Singh,1
518,JJ Bumrah,1
518,Harbhajan Singh,1
518,CJ Anderson,1
517,UT Yadav,1
517,SP Narine,1
516,Sandeep Sharma,1
516,R Ashwin,1
516,MM Sharma,1
516,MG Johnson,1
521,R Ashwin,1
521,IC Pandey,1
520,Sandeep Sharma,1
520,DS Kulkarni,1
520,AR Patel,1
519,R Ashwin,1
519,MM Sharma,1
519,JP Duminy,1
519,Imran Tahir,1
519,IC Pandey,1
519,DJ Muthuswami,1
519,A Mishra,1
518,Shakib Al Hasan,1
79,Mohammad Asif,1
79,MS Gony,1
79,Joginder Sharma,1
76,DW Steyn,1
76,DL Vettori,1
75,I Sharma,1
75,DJ Bravo,1
75,CRD Fernando,1
75,AB Dinda,1
75,AB Agarkar,1
74,P Kumar,1
522,YS Chahal,1
522,VR Aaron,1
522,Shakib Al Hasan,1
522,M Morkel,1
522,KC Cariappa,1
522,HV Patel,1
522,AN Ahmed,1
521,TA Boult,1
73,Yuvraj Singh,1
73,VY Mahesh,1
73,Shoaib Malik,1
73,GD McGrath,1
73,B Lee,1
72,DNT Zoysa,1
525,P Kumar,1
525,KV Sharma,1
525,A Ashish Reddy,1
524,Sandeep Sharma,1
524,J Suchith,1
523,PV Tambe,1
523,AD Mathews,1
77,DNT Zoysa,1
77,D Kalyankrishna,1
76,Z Khan,1
70,P Kumar,1
69,VRV Singh,1
69,SM Pollock,1
527,PP Chawla,1
527,PJ Cummins,1
527,P Negi,1
527,MM Sharma,1
526,TG Southee,1
526,STR Binny,1
526,SL Malinga,1
526,S Gopal,1
526,R Vinay Kumar,1
526,PV Tambe,1
526,DS Kulkarni,1
526,CH Morris,1
74,JA Morkel,1
530,KA Pollard,1
530,IC Pandey,1
529,TA Boult,1
529,KV Sharma,1
528,Sandeep Sharma,1
528,AR Patel,1
528,AD Mathews,1
528,A Mishra,1
527,UT Yadav,1
527,RG More,1
71,Joginder Sharma,1
71,AB Agarkar,1
70,Z Khan,1
70,SK Warne,1
70,SK Trivedi,1
70,SB Joshi,1
68,WPUJC Vaas,1
68,SR Watson,1
68,RP Singh,1
68,D Kalyankrishna,1
67,P Amarnath,1
67,MS Gony,1
532,MG Johnson,1
531,P Kumar,1
531,NM Coulter-Nile,1
531,Imran Tahir,1
531,DW Steyn,1
531,B Kumar,1
531,AD Mathews,1
531,A Ashish Reddy,1
530,SL Malinga,1
530,MM Sharma,1
65,JR Hopes,1
65,IK Pathan,1
65,D Salunkhe,1
65,B Lee,1
534,SL Malinga,1
534,MJ McClenaghan,1
534,JJ Bumrah,1
533,RA Jadeja,1
533,PV Tambe,1
533,JP Faulkner,1
533,DJ Bravo,1
533,CH Morris,1
533,Ankit Sharma,1
532,SP Narine,1
532,NLTC Perera,1
69,B Lee,1
537,AD Russell,1
536,Shivam Sharma,1
536,Sandeep Sharma,1
536,R Tewatia,1
536,PV Tambe,1
536,DJ Hooda,1
536,Anureet Singh,1
535,SP Narine,1
535,NM Coulter-Nile,1
535,Imran Tahir,1
67,DS Kulkarni,1
67,A Nehra,1
66,VY Mahesh,1
66,RP Singh,1
65,S Sreesanth,1
65,MM Patel,1
64,AB Dinda,1
63,ST Jayasuriya,1
63,P Kumar,1
63,DS Kulkarni,1
63,A Nehra,1
538,RA Jadeja,1
538,MA Starc,1
538,IC Pandey,1
538,HV Patel,1
538,DJ Bravo,1
538,D Wiese,1
537,UT Yadav,1
537,RS Bopara,1
537,P Kumar,1
537,MC Henriques,1
537,B Kumar,1
61,Joginder Sharma,1
61,JR Hopes,1
61,B Lee,1
60,Z Khan,1
60,LR Shukla,1
541,J Suchith,1
540,SR Watson,1
540,Iqbal Abdulla,1
539,SL Malinga,1
539,NM Coulter-Nile,1
539,JJ Bumrah,1
539,DJ Muthuswami,1
64,RP Singh,1
64,Mohammad Hafeez,1
64,I Sharma,1
64,DJ Hussey,1
58,SL Malinga,1
58,NM Coulter-Nile,1
543,Iqbal Abdulla,1
543,HV Patel,1
542,MM Sharma,1
542,IC Pandey,1
542,Anureet Singh,1
542,AR Patel,1
541,KV Sharma,1
62,SR Watson,1
62,GD McGrath,1
62,DL Vettori,1
61,WA Mota,1
61,P Amarnath,1
61,MS Gony,1
61,M Muralitharan,1
546,DS Kulkarni,1
545,Z Khan,1
545,Yuvraj Singh,1
545,JA Morkel,1
545,GB Hogg,1
545,AD Russell,1
545,A Mishra,1
544,Sandeep Sharma,1
544,P Kumar,1
544,MC Henriques,1
544,KV Sharma,1
544,Anureet Singh,1
60,JH Kallis,1
60,I Sharma,1
60,AA Noffke,1
58,UT Yadav,1
57,CJ Jordan,1
57,B Kumar,1
56,SL Malinga,1
56,MJ McClenaghan,1
56,LH Ferguson,1
56,KV Sharma,1
56,JD Unadkat,1
55,Z Khan,1
548,SN Thakur,1
548,JP Duminy,1
548,A Mishra,1
547,MM Sharma,1
547,IC Pandey,1
547,GB Hogg,1
547,A Nehra,1
546,STR Binny,1
53,Kuldeep Yadav,1
551,A Ashish Reddy,1
550,YS Chahal,1
550,PP Chawla,1
550,MA Starc,1
550,GB Hogg,1
550,D Wiese,1
550,AD Russell,1
549,TG Southee,1
549,SL Malinga,1
549,R Vinay Kumar,1
549,J Theron,1
549,J Suchith,1
549,Ankit Sharma,1
57,TA Boult,1
57,PP Chawla,1
51,DT Christian,1
553,NM Coulter-Nile,1
553,AD Mathews,1
552,MG Johnson,1
552,Karanveer Singh,1
552,J Suchith,1
552,Harbhajan Singh,1
552,Anureet Singh,1
551,SK Raina,1
551,P Negi,1
551,A Nehra,1
55,SR Watson,1
55,S Nadeem,1
55,Avesh Khan,1
54,AR Patel,1
53,MG Johnson,1
556,AD Mathews,1
556,A Mishra,1
555,PP Chawla,1
555,MC Henriques,1
555,J Botha,1
555,Bipul Sharma,1
555,AD Russell,1
554,YS Chahal,1
554,MM Sharma,1
553,SR Watson,1
53,KV Sharma,1
53,AS Rajpoot,1
52,S Kaul,1
51,Washington Sundar,1
51,S Nadeem,1
51,PJ Cummins,1
50,MJ McClenaghan,1
50,KV Sharma,1
50,JJ Bumrah,1
50,GJ Maxwell,1
50,AR Patel,1
49,PJ Sangwan,1
49,PJ Cummins,1
49,Mohammed Shami,1
49,DS Kulkarni,1
49,CR Brathwaite,1
49,Basil Thampi,1
557,HV Patel,1
557,AR Patel,1
556,Z Khan,1
556,J Suchith,1
556,HH Pandya,1
560,AD Russell,1
559,R Vinay Kumar,1
559,MJ McClenaghan,1
559,J Suchith,1
559,Harbhajan Singh,1
559,DJ Bravo,1
558,RS Bopara,1
558,PV Tambe,1
558,MC Henriques,1
558,KV Sharma,1
558,JP Faulkner,1
558,I Sharma,1
557,YS Chahal,1
51,A Zampa,1
50,Sandeep Sharma,1
50,R Tewatia,1
47,SL Malinga,1
47,Rashid Khan,1
47,Mohammad Nabi,1
47,MJ McClenaghan,1
47,JJ Bumrah,1
46,T Natarajan,1
562,SL Malinga,1
562,S Aravind,1
562,MA Starc,1
561,Z Khan,1
561,Parvez Rasool,1
561,J Yadav,1
561,B Kumar,1
560,GJ Maxwell,1
560,BE Hendricks,1
560,AR Patel,1
45,CR Woakes,1
45,A Choudhary,1
44,MJ McClenaghan,1
44,K Rabada,1
44,JJ Bumrah,1
565,J Yadav,1
565,GS Sandhu,1
564,TA Boult,1
564,Gurkeerat Singh,1
564,GJ Maxwell,1
564,B Kumar,1
563,Ankit Sharma,1
49,A Mishra,1
48,UT Yadav,1
48,SP Narine,1
48,MJ Henry,1
567,SL Malinga,1
567,R Vinay Kumar,1
567,MJ McClenaghan,1
567,M Morkel,1
567,KA Pollard,1
567,J Suchith,1
567,Harbhajan Singh,1
566,Sandeep Sharma,1
566,MA Starc,1
566,D Wiese,1
566,BE Hendricks,1
46,PJ Sangwan,1
46,GJ Maxwell,1
46,DS Kulkarni,1
46,Basil Thampi,1
45,YS Chahal,1
43,Rashid Khan,1
43,Imran Tahir,1
43,Bipul Sharma,1
42,SR Watson,1
42,S Aravind,1
42,P Negi,1
569,RA Jadeja,1
569,R Dhawan,1
569,R Ashwin,1
569,IC Pandey,1
569,DJ Bravo,1
569,BE Hendricks,1
569,A Nehra,1
568,P Kumar,1
568,MA Starc,1
567,SP Narine,1
41,CJ Anderson,1
41,Basil Thampi,1
40,UT Yadav,1
40,SP Narine,1
40,Kuldeep Yadav,1
40,Imran Tahir,1
40,DT Christian,1
573,A Nehra,1
572,KV Sharma,1
572,KA Pollard,1
572,Harbhajan Singh,1
570,UT Yadav,1
570,JP Faulkner,1
569,Sandeep Sharma,1
44,CJ Anderson,1
44,A Mishra,1
574,MA Starc,1
574,CH Morris,1
573,RA Jadeja,1
573,MM Sharma,1
573,MJ McClenaghan,1
573,J Suchith,1
40,BA Stokes,1
39,S Kaul,1
39,B Kumar,1
39,A Mishra,1
38,SN Thakur,1
38,DT Christian,1
37,YS Chahal,1
37,SR Watson,1
41,RA Jadeja,1
41,PJ Sangwan,1
37,A Choudhary,1
36,Rashid Khan,1
36,CR Woakes,1
35,MM Sharma,1
35,GJ Maxwell,1
576,R Vinay Kumar,1
576,MM Sharma,1
576,DR Smith,1
575,SK Raina,1
575,S Aravind,1
575,R Ashwin,1
575,MM Sharma,1
575,MA Starc,1
575,HV Patel,1
575,DJ Bravo,1
575,D Wiese,1
33,P Negi,1
33,JD Unadkat,1
33,DT Christian,1
32,Rashid Khan,1
32,MM Sharma,1
579,P Sahu,1
579,MP Stoinis,1
579,MG Johnson,1
578,A Mishra,1
577,RP Singh,1
577,R Bhatia,1
577,R Ashwin,1
577,M Ashwin,1
577,Harbhajan Singh,1
37,KV Sharma,1
37,JJ Bumrah,1
29,SP Narine,1
582,I Sharma,1
582,DJ Bravo,1
581,PP Chawla,1
581,Kuldeep Yadav,1
581,Harbhajan Singh,1
581,HH Pandya,1
581,AD Russell,1
580,Parvez Rasool,1
580,AF Milne,1
579,Sandeep Sharma,1
34,Harbhajan Singh,1
34,Ankit Soni,1
33,Washington Sundar,1
33,STR Binny,1
33,S Badree,1
585,DJ Bravo,1
584,Mustafizur Rahman,1
584,AD Russell,1
584,A Ashish Reddy,1
583,Z Khan,1
583,Sandeep Sharma,1
583,J Yadav,1
583,CH Morris,1
583,AR Patel,1
31,UT Yadav,1
31,SP Narine,1
30,P Negi,1
30,JP Faulkner,1
30,Basil Thampi,1
30,Ankit Soni,1
29,UT Yadav,1
29,JD Unadkat,1
29,DT Christian,1
28,Washington Sundar,1
28,MG Johnson,1
28,Imran Tahir,1
28,Harbhajan Singh,1
28,DT Christian,1
27,UT Yadav,1
587,Z Khan,1
587,S Aravind,1
587,CR Brathwaite,1
586,KJ Abbott,1
586,Ankit Sharma,1
585,SB Jakati,1
585,KH Pandya,1
585,JP Faulkner,1
590,MJ McClenaghan,1
590,KW Richardson,1
589,YK Pathan,1
589,UT Yadav,1
589,PP Chawla,1
588,Mustafizur Rahman,1
588,B Kumar,1
27,STR Binny,1
27,S Badree,1
27,S Aravind,1
26,SS Agarwal,1
26,RA Jadeja,1
26,NB Singh,1
26,MM Sharma,1
26,DR Smith,1
29,PP Chawla,1
25,B Kumar,1
24,K Rabada,1
24,HH Pandya,1
23,UT Yadav,1
23,SK Raina,1
23,P Kumar,1
593,Z Khan,1
593,Harbhajan Singh,1
593,HH Pandya,1
593,CH Morris,1
592,T Shamsi,1
592,HV Patel,1
591,Mustafizur Rahman,1
591,DJ Hooda,1
591,Bipul Sharma,1
591,BB Sran,1
596,M Ashwin,1
595,YS Chahal,1
595,T Shamsi,1
595,SR Watson,1
595,PV Tambe,1
595,KW Richardson,1
595,DS Kulkarni,1
594,Sandeep Sharma,1
594,R Dhawan,1
594,MM Sharma,1
594,B Kumar,1
25,Rashid Khan,1
25,JD Unadkat,1
25,Imran Tahir,1
25,DT Christian,1
25,Bipul Sharma,1
22,KH Pandya,1
22,JJ Bumrah,1
21,Yuvraj Singh,1
21,S Kaul,1
20,S Aravind,1
20,P Negi,1
598,MC Henriques,1
598,B Kumar,1
598,A Nehra,1
597,Sandeep Sharma,1
597,MG Johnson,1
597,AR Patel,1
596,UT Yadav,1
596,Shakib Al Hasan,1
596,SP Narine,1
596,R Sathish,1
601,DJ Bravo,1
600,UT Yadav,1
600,Shakib Al Hasan,1
600,MJ McClenaghan,1
600,Harbhajan Singh,1
600,HH Pandya,1
599,JP Faulkner,1
599,JP Duminy,1
599,DJ Bravo,1
598,R Ashwin,1
598,NLTC Perera,1
23,JP Faulkner,1
23,CR Woakes,1
23,Basil Thampi,1
22,MP Stoinis,1
22,MM Sharma,1
19,Sandeep Sharma,1
19,S Kaul,1
19,Mohammad Nabi,1
19,MC Henriques,1
19,KC Cariappa,1
18,UT Yadav,1
18,SP Narine,1
603,Mustafizur Rahman,1
603,MC Henriques,1
603,BB Sran,1
603,B Kumar,1
603,A Nehra,1
602,SP Narine,1
602,CH Morris,1
602,A Mishra,1
601,R Bhatia,1
606,STR Binny,1
606,SR Watson,1
606,S Aravind,1
606,AD Russell,1
605,R Ashwin,1
605,MJ McClenaghan,1
605,Harbhajan Singh,1
605,AB Dinda,1
604,Sandeep Sharma,1
604,RA Jadeja,1
604,DS Kulkarni,1
603,T Shamsi,1
603,SR Watson,1
20,DS Kulkarni,1
20,Basil Thampi,1
20,AF Milne,1
18,A Mishra,1
17,SR Watson,1
17,S Badree,1
17,P Negi,1
17,Imran Tahir,1
16,SL Malinga,1
16,P Kumar,1
16,MM Patel,1
608,M Morkel,1
607,Z Khan,1
607,S Kaushik,1
607,RA Jadeja,1
607,Mohammed Shami,1
607,CH Morris,1
607,A Mishra,1
606,UT Yadav,1
15,KC Cariappa,1
15,CJ Anderson,1
15,AR Patel,1
15,A Mishra,1
14,YK Pathan,1
14,TA Boult,1
14,SP Narine,1
611,RP Singh,1
611,CJ Jordan,1
610,P Kumar,1
610,MC Henriques,1
610,BB Sran,1
609,AB Dinda,1
609,A Mishra,1
18,CR Woakes,1
18,CH Morris,1
614,PP Chawla,1
614,GB Hogg,1
614,DS Kulkarni,1
614,DR Smith,1
614,AD Russell,1
613,MJ McClenaghan,1
613,MC Henriques,1
613,B Kumar,1
612,Z Khan,1
612,Sandeep Sharma,1
612,Mohammed Shami,1
612,KC Cariappa,1
611,YS Chahal,1
16,Harbhajan Singh,1
15,Sandeep Sharma,1
15,MM Sharma,1
14,BCJ Cutting,1
14,A Nehra,1
13,SN Thakur,1
13,RD Chahar,1
13,RA Jadeja,1
13,P Kumar,1
13,Imran Tahir,1
13,DR Smith,1
12,YS Chahal,1
12,STR Binny,1
616,MC Henriques,1
616,BB Sran,1
616,B Kumar,1
615,YS Chahal,1
615,AR Patel,1
614,Shakib Al Hasan,1
10,MJ McClenaghan,1
10,HH Pandya,1
619,AR Patel,1
618,Mohammed Shami,1
618,J Yadav,1
618,CH Morris,1
618,A Nehra,1
617,YS Chahal,1
617,TG Southee,1
617,S Aravind,1
617,MJ McClenaghan,1
617,KH Pandya,1
616,RP Singh,1
616,R Ashwin,1
14,Rashid Khan,1
14,Kuldeep Yadav,1
622,AR Patel,1
621,Shakib Al Hasan,1
621,AS Rajpoot,1
621,AD Russell,1
620,S Aravind,1
620,DS Kulkarni,1
619,TG Southee,1
12,KH Pandya,1
12,HH Pandya,1
11,VR Aaron,1
11,SP Narine,1
11,PP Chawla,1
11,C de Grandhomme,1
11,AR Patel,1
10,SL Malinga,1
10,Rashid Khan,1
9,CH Morris,1
9,A Zampa,1
8,YS Chahal,1
8,TS Mills,1
8,Sandeep Sharma,1
8,AR Patel,1
624,YS Chahal,1
624,SP Narine,1
624,Iqbal Abdulla,1
623,Z Khan,1
623,R Vinay Kumar,1
623,Harbhajan Singh,1
623,A Mishra,1
622,Sandeep Sharma,1
622,Mustafizur Rahman,1
622,MC Henriques,1
628,JP Duminy,1
627,SP Narine,1
627,SB Jakati,1
627,M Morkel,1
627,DS Kulkarni,1
627,DJ Bravo,1
627,AS Rajpoot,1
626,Sandeep Sharma,1
626,KJ Abbott,1
626,AR Patel,1
625,CH Morris,1
10,DJ Hooda,1
10,A Nehra,1
9,S Nadeem,1
9,Imran Tahir,1
9,DL Chahar,1
7,JJ Bumrah,1
7,CR Woakes,1
6,P Kumar,1
6,A Nehra,1
5,YS Chahal,1
5,TS Mills,1
5,SR Watson,1
629,Sandeep Sharma,1
629,R Dhawan,1
629,NLTC Perera,1
629,MM Sharma,1
629,AR Patel,1
629,AB Dinda,1
629,A Zampa,1
628,NM Coulter-Nile,1
628,Mustafizur Rahman,1
634,BB Sran,1
2,MJ McClenaghan,1
2,HH Pandya,1
2,BA Stokes,1
2,A Zampa,1
1,YS Chahal,1
1,TS Mills,1
1,STR Binny,1
1,DJ Hooda,1
1,Bipul Sharma,1
636,YS Chahal,1
5,S Nadeem,1
5,PJ Cummins,1
4,T Natarajan,1
4,Swapnil Singh,1
4,RD Chahar,1
260,KA Pollard,1
260,I Sharma,1
259,VR Aaron,1
259,PP Chawla,1
259,P Kumar,1
259,M Morkel,1
259,JR Hopes,1
264,JD Ryder,1
263,Z Khan,1
263,Y Nagar,1
263,S Aravind,1
263,JR Hopes,1
263,DL Vettori,1
263,AB Dinda,1
262,R Sharma,1
634,BCJ Cutting,1
